item_id,item_type,question,precision_at_k,recall_at_k,mrr,hit_at_k,context_precision,context_recall,source_recall,source_precision,key_fact_recall,abstention_correct,citation_coverage,invalid_citations,grounding_score,unsupported_rate,misattribution_rate,regenerated,regeneration_gain,cell_coverage,cross_source_citations,intent_correct,tool_precision,tool_recall,tools_exact,legal_flag_correct,failed,latency_ms,llm_calls,total_tokens,cost_usd,status,n_retrieved,top_similarity,relevant_ranks,abstained,claims_checked,tools_used,intent,run_id,variant,repeat
t01,lookup,How can the Q-factor be estimated by simply counting oscillations of the capacitor voltage?,0.0,0.0,0.0,0.0,0.0,0.0,1.0,1.0,0.0,1.0,0.8571428571428571,0,0.8571,0.0,0.14285714285714285,1.0,0.3571,,,1.0,1.0,1.0,1.0,,0.0,29326,3,5361,0.0,succeeded,6,0.6961979451061532,[],False,7,"[""search_uploaded_documents""]",document_qa,391b4ea3-2a95-45d3-9220-d7e906274553,select,0
t01,lookup,How can the Q-factor be estimated by simply counting oscillations of the capacitor voltage?,0.0,0.0,0.0,0.0,0.0,0.0,1.0,1.0,0.0,1.0,0.8571428571428571,0,0.8571,0.0,0.14285714285714285,1.0,0.3571,,,1.0,1.0,1.0,1.0,,0.0,29157,3,5361,0.0,succeeded,6,0.6961979451061532,[],False,7,"[""search_uploaded_documents""]",document_qa,54589e8f-b72b-405d-a5bf-f9aed2f4c7ee,all_tools,0
t02,lookup,"Besides detecting foreign objects, what else can an array of small detection coils tell the charger?",0.2,1.0,0.5,1.0,0.16666666666666666,1.0,1.0,1.0,1.0,1.0,1.0,0,0.8,0.0,0.4,0.0,,,,1.0,1.0,1.0,1.0,,0.0,23977,2,3157,0.0,succeeded,6,0.705395758152013,[2],False,5,"[""search_uploaded_documents""]",document_qa,ce424835-65c5-4298-b57d-0366f1a08536,all_tools,0
t02,lookup,"Besides detecting foreign objects, what else can an array of small detection coils tell the charger?",0.2,1.0,0.5,1.0,0.16666666666666666,1.0,1.0,1.0,1.0,1.0,1.0,0,0.8,0.0,0.4,0.0,,,,1.0,1.0,1.0,1.0,,0.0,15714,2,3157,0.0,succeeded,6,0.705395758152013,[2],False,5,"[""search_uploaded_documents""]",document_qa,dd2fa51d-5b7c-4cc4-9f77-ad05e306729d,select,0
t03,lookup,Why is the coil-based foreign object detection preferably done while no power is being transferred?,0.0,0.0,0.0,0.0,0.0,0.0,1.0,0.8571428571428571,0.0,1.0,1.0,0,0.5,0.0,0.0,1.0,0.0,,,1.0,1.0,1.0,1.0,,0.0,49371,3,6929,0.0,succeeded,7,0.6837858338611325,[],False,2,"[""search_uploaded_documents""]",document_qa,dfa7847c-2eab-46ed-8099-36426feaa658,select,0
t03,lookup,Why is the coil-based foreign object detection preferably done while no power is being transferred?,0.0,0.0,0.0,0.0,0.0,0.0,1.0,0.8571428571428571,0.0,1.0,1.0,0,0.5,0.0,0.0,1.0,0.0,,,1.0,1.0,1.0,1.0,,0.0,24604,3,6929,0.0,succeeded,7,0.6837858338611325,[],False,2,"[""search_uploaded_documents""]",document_qa,9deed10e-d5f7-403f-82db-250bd939940b,all_tools,0
t04,lookup,Why can a second charger nearby make the Q factor measurement unreliable?,0.0,0.0,0.0,0.0,0.0,0.0,0.0,0.0,0.0,1.0,0.75,0,0.0,1.0,0.0,1.0,0,,,1.0,1.0,1.0,1.0,,0.0,54134,3,5961,0.0,succeeded,7,0.7379711334083527,[],False,4,"[""search_uploaded_documents""]",document_qa,d104514b-2b1f-4b85-8eba-9069cfe8114d,all_tools,0
t04,lookup,Why can a second charger nearby make the Q factor measurement unreliable?,0.0,0.0,0.0,0.0,0.0,0.0,0.0,0.0,0.0,1.0,0.75,0,0.0,1.0,0.0,1.0,0,,,1.0,1.0,1.0,1.0,,0.0,34245,3,5961,0.0,succeeded,7,0.7379711334083527,[],False,4,"[""search_uploaded_documents""]",document_qa,03fed668-e1a8-4e63-b405-731a17235fd0,select,0
t05,lookup,Which everyday objects are given as examples of foreign objects in the patent that uses a reference peak frequency?,0.0,0.0,0.0,0.0,0.0,0.0,1.0,1.0,0.0,1.0,0.5,0,0.375,0.5,0.25,1.0,0.0,,,1.0,1.0,1.0,1.0,,0.0,59304,3,7234,0.0,succeeded,6,0.5769078731536865,[],False,4,"[""search_uploaded_documents""]",document_qa,39ec7f5e-6ded-49e2-8fe0-6264d041c2ab,select,0
t05,lookup,Which everyday objects are given as examples of foreign objects in the patent that uses a reference peak frequency?,0.0,0.0,0.0,0.0,0.0,0.0,1.0,1.0,0.0,1.0,0.5,0,0.375,0.5,0.25,1.0,0.0,,,1.0,1.0,1.0,1.0,,0.0,46358,3,7234,0.0,succeeded,6,0.5769078731536865,[],False,4,"[""search_uploaded_documents""]",document_qa,a1182fdd-6986-4d8f-81e0-f2120a6cb267,all_tools,0
t06,lookup,Which kinds of sensors have previously been used to detect objects on electric vehicle wireless charging pads?,0.0,0.0,0.0,0.0,0.0,0.0,1.0,0.375,0.0,1.0,0.6666666666666666,0,0.6667,0.3333333333333333,0.0,1.0,0.06669999999999998,,,1.0,1.0,1.0,1.0,,0.0,81878,3,6697,0.0,succeeded,8,0.7071965089802186,[],False,3,"[""search_uploaded_documents""]",document_qa,9d1dac5a-3392-4020-9b4f-c3fda7b968bc,all_tools,0
t06,lookup,Which kinds of sensors have previously been used to detect objects on electric vehicle wireless charging pads?,0.0,0.0,0.0,0.0,0.0,0.0,1.0,0.375,0.0,1.0,0.6666666666666666,0,0.6667,0.3333333333333333,0.0,1.0,0.16669999999999996,,,1.0,1.0,1.0,1.0,,0.0,50896,3,6669,0.0,succeeded,8,0.7071965089802186,[],False,3,"[""search_uploaded_documents""]",document_qa,3065fdac-78b9-48d1-9687-2a1f33f280c4,select,0
t07,lookup,Which hazards is object detection on the vehicle charging pad meant to prevent?,0.2,1.0,0.5,1.0,0.16666666666666666,1.0,1.0,0.5,1.0,1.0,1.0,0,1.0,0.0,0.0,0.0,,,,1.0,1.0,1.0,1.0,,0.0,27996,2,2975,0.0,succeeded,6,0.59950991871894,[2],False,3,"[""search_uploaded_documents""]",document_qa,ebed9500-fc30-4744-adaf-3175a312cbd5,select,0
t07,lookup,Which hazards is object detection on the vehicle charging pad meant to prevent?,0.2,1.0,0.5,1.0,0.16666666666666666,1.0,1.0,0.5,1.0,1.0,1.0,0,1.0,0.0,0.0,0.0,,,,1.0,1.0,1.0,1.0,,0.0,18303,2,2975,0.0,succeeded,6,0.59950991871894,[2],False,3,"[""search_uploaded_documents""]",document_qa,4577e94f-4cea-4545-bdd6-4299208480f3,all_tools,0
t08,lookup,Which measurements are gathered from each coil for the machine-learning foreign object detection?,0.0,0.0,0.0,0.0,0.0,0.0,1.0,0.3333333333333333,1.0,1.0,1.0,0,1.0,0.0,0.0,0.0,,,,1.0,1.0,1.0,1.0,,0.0,27370,2,3269,0.0,succeeded,6,0.6820434087385618,[],False,2,"[""search_uploaded_documents""]",document_qa,4afb9c29-20f8-439c-a07c-42bc8b1e1150,all_tools,0
t08,lookup,Which measurements are gathered from each coil for the machine-learning foreign object detection?,0.0,0.0,0.0,0.0,0.0,0.0,1.0,0.3333333333333333,1.0,1.0,1.0,0,1.0,0.0,0.0,0.0,,,,1.0,1.0,1.0,1.0,,0.0,8859,2,3269,0.0,succeeded,6,0.6820434087385618,[],False,2,"[""search_uploaded_documents""]",document_qa,302133cb-315a-4615-b288-3c93281fcfe7,select,0
t09,lookup,How much heat must the heat exchanger absorb during a 300 kW rapid recharge?,0.2,1.0,0.5,1.0,0.16666666666666666,1.0,1.0,0.8333333333333334,1.0,1.0,1.0,0,0.75,0.0,0.5,0.0,,,,1.0,1.0,1.0,1.0,,0.0,22053,2,3072,0.0,succeeded,6,0.6959300274765524,[2],False,2,"[""search_uploaded_documents""]",document_qa,d3c973c2-a815-4a99-a12b-99cf45df747f,select,0
t09,lookup,How much heat must the heat exchanger absorb during a 300 kW rapid recharge?,0.2,1.0,0.5,1.0,0.16666666666666666,1.0,1.0,0.8333333333333334,1.0,1.0,1.0,0,0.75,0.0,0.5,0.0,,,,1.0,1.0,1.0,1.0,,0.0,12897,2,3072,0.0,succeeded,6,0.6959300274765524,[2],False,2,"[""search_uploaded_documents""]",document_qa,87958bd6-2212-468d-9187-51d9d1177ba3,all_tools,0
t10,lookup,How thick are the on-board coolant pipes in the Tesla Model S example?,0.0,0.0,0.0,0.0,0.0,0.0,1.0,1.0,,0.0,,,,,,,,,,1.0,1.0,1.0,1.0,,0.0,12409,2,2589,0.0,insufficient_evidence,6,0.6676156122913699,[],True,,"[""search_uploaded_documents""]",document_qa,dea0e534-2086-45db-bc96-c969f171c267,all_tools,0
t10,lookup,How thick are the on-board coolant pipes in the Tesla Model S example?,0.0,0.0,0.0,0.0,0.0,0.0,1.0,1.0,,0.0,,,,,,,,,,1.0,1.0,1.0,1.0,,0.0,6117,2,2589,0.0,insufficient_evidence,6,0.6676156122913699,[],True,,"[""search_uploaded_documents""]",document_qa,be719c4f-c4b0-4a00-8689-fa3734a80c13,select,0
t11,lookup,In which situations may a large electric vehicle battery still need active cooling?,0.0,0.0,0.0,0.0,0.0,0.0,1.0,0.3333333333333333,0.0,1.0,1.0,0,0.6667,0.0,0.3333333333333333,0.0,,,,1.0,1.0,1.0,1.0,,0.0,33188,2,2850,0.0,succeeded,6,0.6888472623320078,[],False,3,"[""search_uploaded_documents""]",document_qa,029ad5ef-14fb-4dc3-82e2-ab37c433111d,select,0
t11,lookup,In which situations may a large electric vehicle battery still need active cooling?,0.0,0.0,0.0,0.0,0.0,0.0,1.0,0.3333333333333333,0.0,1.0,1.0,0,0.6667,0.0,0.3333333333333333,0.0,,,,1.0,1.0,1.0,1.0,,0.0,25649,2,2850,0.0,succeeded,6,0.6888472623320078,[],False,3,"[""search_uploaded_documents""]",document_qa,82720c67-8808-4f9d-9e65-771f2a8dc31c,all_tools,0
t12,lookup,Which two models are used in the prediction stage of the battery temperature estimate?,0.2,1.0,1.0,1.0,0.16666666666666666,1.0,1.0,0.3333333333333333,1.0,1.0,1.0,0,1.0,0.0,0.0,0.0,,,,1.0,1.0,1.0,1.0,,0.0,27933,2,2744,0.0,succeeded,6,0.6943349424400972,[1],False,1,"[""search_uploaded_documents""]",document_qa,68bf6877-6c29-4875-b61f-535a660d64d5,all_tools,0
t12,lookup,Which two models are used in the prediction stage of the battery temperature estimate?,0.2,1.0,1.0,1.0,0.16666666666666666,1.0,1.0,0.3333333333333333,1.0,1.0,1.0,0,1.0,0.0,0.0,0.0,,,,1.0,1.0,1.0,1.0,,0.0,74381,2,2744,0.0,succeeded,6,0.6943349424400972,[1],False,1,"[""search_uploaded_documents""]",document_qa,93a817e7-1226-453f-8a79-32cd84c1bdd4,select,0
t13,lookup,Does the battery temperature estimation software have to be written in a particular programming language?,0.0,0.0,0.0,0.0,0.0,0.0,1.0,0.16666666666666666,0.0,1.0,1.0,0,0.0,1.0,0.0,1.0,0,,,1.0,1.0,1.0,1.0,,0.0,38019,3,5384,0.0,succeeded,6,0.6209341821270737,[],False,1,"[""search_uploaded_documents""]",document_qa,06acce76-e7e5-445c-9e15-6260489e295c,select,0
t13,lookup,Does the battery temperature estimation software have to be written in a particular programming language?,0.0,0.0,0.0,0.0,0.0,0.0,1.0,0.16666666666666666,0.0,1.0,1.0,0,0.0,1.0,0.0,1.0,0,,,1.0,1.0,1.0,1.0,,0.0,26785,3,5384,0.0,succeeded,6,0.6209341821270737,[],False,1,"[""search_uploaded_documents""]",document_qa,37762bfe-b098-470c-ba3d-1b59809c4654,all_tools,0
t14,lookup,How is the battery warmed when the cabin air conditioning is off in the combined HVAC and battery system?,0.2,1.0,0.5,1.0,0.16666666666666666,1.0,1.0,0.3333333333333333,1.0,1.0,1.0,0,0.6667,0.3333333333333333,0.0,1.0,0.0,,,1.0,1.0,1.0,1.0,,0.0,54867,3,6248,0.0,succeeded,6,0.676364818052676,[2],False,3,"[""search_uploaded_documents""]",document_qa,988c294c-91e6-483c-a4f0-8707ae24c9d7,all_tools,0
t14,lookup,How is the battery warmed when the cabin air conditioning is off in the combined HVAC and battery system?,0.2,1.0,0.5,1.0,0.16666666666666666,1.0,1.0,0.3333333333333333,1.0,1.0,1.0,0,0.6667,0.3333333333333333,0.0,1.0,0.0,,,1.0,1.0,1.0,1.0,,0.0,37268,3,6248,0.0,succeeded,6,0.676364818052676,[2],False,3,"[""search_uploaded_documents""]",document_qa,7778b45e-7c68-4432-a566-d33649116e75,select,0
t15,lookup,When is the traction battery cooled by the radiator without using the chiller?,0.2,1.0,0.5,1.0,0.16666666666666666,1.0,1.0,0.6666666666666666,1.0,1.0,1.0,0,1.0,0.0,0.0,0.0,,,,1.0,1.0,1.0,1.0,,0.0,32451,2,3191,0.0,succeeded,6,0.6992486298532123,[2],False,4,"[""search_uploaded_documents""]",document_qa,4f9fb93a-05bb-4f21-81ff-47304079cffd,select,0
t15,lookup,When is the traction battery cooled by the radiator without using the chiller?,0.2,1.0,0.5,1.0,0.16666666666666666,1.0,1.0,0.6666666666666666,1.0,1.0,1.0,0,1.0,0.0,0.0,0.0,,,,1.0,1.0,1.0,1.0,,0.0,12706,2,3191,0.0,succeeded,6,0.6992486298532123,[2],False,4,"[""search_uploaded_documents""]",document_qa,107025a0-e93a-4d5d-8d81-3450d4636423,all_tools,0
t16,lookup,What is the condenser fan speed command calculated from?,0.2,1.0,1.0,1.0,0.16666666666666666,1.0,1.0,1.0,0.0,1.0,0.6666666666666666,0,0.8333,0.0,0.3333333333333333,0.0,,,,1.0,1.0,1.0,1.0,,0.0,24821,2,3362,0.0,succeeded,6,0.724639031334044,[1],False,3,"[""search_uploaded_documents""]",document_qa,e7f67948-e153-4f20-b347-b0607fdd4c1a,all_tools,0
t16,lookup,What is the condenser fan speed command calculated from?,0.2,1.0,1.0,1.0,0.16666666666666666,1.0,1.0,1.0,0.0,1.0,0.6666666666666666,0,0.8333,0.0,0.3333333333333333,0.0,,,,1.0,1.0,1.0,1.0,,0.0,22431,2,3362,0.0,succeeded,6,0.724639031334044,[1],False,3,"[""search_uploaded_documents""]",document_qa,cc2305f5-0079-48d0-ad14-63a6958d38bc,select,0
t17,lookup,What conditions can cause a battery thermal event in the immersion-cooled traction battery pack?,0.0,0.0,0.0,0.0,0.0,0.0,1.0,0.5,0.0,1.0,1.0,0,0.8889,0.0,0.2222222222222222,1.0,0.3889,,,1.0,1.0,1.0,1.0,,0.0,54554,3,5263,0.0,succeeded,8,0.8175534253583383,[],False,9,"[""search_uploaded_documents""]",document_qa,35e5eaad-bf9b-42d3-9962-e74bfecf3cfd,select,0
t17,lookup,What conditions can cause a battery thermal event in the immersion-cooled traction battery pack?,0.0,0.0,0.0,0.0,0.0,0.0,1.0,0.5,0.0,1.0,1.0,0,0.8889,0.0,0.2222222222222222,1.0,0.3889,,,1.0,1.0,1.0,1.0,,0.0,54339,3,5263,0.0,succeeded,8,0.8175534253583383,[],False,9,"[""search_uploaded_documents""]",document_qa,fafd3190-5cd6-42e1-ba22-c08b4e4524c0,all_tools,0
t18,lookup,How does the grouped-cell immersion cooling system stop thermal runaway from spreading to neighbouring cells?,0.2,1.0,1.0,1.0,0.16666666666666666,1.0,1.0,0.6666666666666666,1.0,1.0,0.75,0,0.75,0.0,0.5,0.0,,,,1.0,1.0,1.0,1.0,,0.0,23445,2,2797,0.0,succeeded,6,0.7655286332649821,[1],False,4,"[""search_uploaded_documents""]",document_qa,19610b66-dc45-4c43-b7c7-056c6d45413b,all_tools,0
t18,lookup,How does the grouped-cell immersion cooling system stop thermal runaway from spreading to neighbouring cells?,0.2,1.0,1.0,1.0,0.16666666666666666,1.0,1.0,0.6666666666666666,1.0,1.0,0.75,0,0.75,0.0,0.5,0.0,,,,1.0,1.0,1.0,1.0,,0.0,14915,2,2797,0.0,succeeded,6,0.7655286332649821,[1],False,4,"[""search_uploaded_documents""]",document_qa,ab976afb-6d8e-4d97-80b8-8d229d2daeb9,select,0
t19,lookup,Where are the heating element and the cooling element placed inside the sealed battery container?,0.2,1.0,1.0,1.0,0.16666666666666666,1.0,1.0,0.8333333333333334,1.0,1.0,1.0,0,0.5,0.0,1.0,0.0,,,,1.0,1.0,1.0,1.0,,0.0,18450,2,2846,0.0,succeeded,6,0.7034149942746875,[1],False,1,"[""search_uploaded_documents""]",document_qa,530e736a-5adb-4b26-8b0a-c614bc810ec4,select,0
t19,lookup,Where are the heating element and the cooling element placed inside the sealed battery container?,0.2,1.0,1.0,1.0,0.16666666666666666,1.0,1.0,0.8333333333333334,1.0,1.0,1.0,0,0.5,0.0,1.0,0.0,,,,1.0,1.0,1.0,1.0,,0.0,10440,2,2846,0.0,succeeded,6,0.7034149942746875,[1],False,1,"[""search_uploaded_documents""]",document_qa,fc64f50c-047a-4f06-ad73-bf52441f226d,all_tools,0
t20,lookup,What kind of device is used as the cooling element in the sealed liquid-cooled battery container?,0.2,1.0,0.5,1.0,0.16666666666666666,1.0,1.0,0.6666666666666666,1.0,1.0,1.0,0,0.0,1.0,0.0,1.0,0,,,1.0,1.0,1.0,1.0,,0.0,38630,3,5729,0.0,succeeded,6,0.7271711988943114,[2],False,1,"[""search_uploaded_documents""]",document_qa,9c0cd4ed-7934-4e3f-be67-693785194fdb,all_tools,0
t20,lookup,What kind of device is used as the cooling element in the sealed liquid-cooled battery container?,0.2,1.0,0.5,1.0,0.16666666666666666,1.0,1.0,0.6666666666666666,1.0,1.0,1.0,0,0.0,1.0,0.0,1.0,0,,,1.0,1.0,1.0,1.0,,0.0,19057,3,5729,0.0,succeeded,6,0.7271711988943114,[2],False,1,"[""search_uploaded_documents""]",document_qa,530249d8-79f3-46e3-b6bb-32e6aa955bf4,select,0
t21,lookup,Which electronic components is the immersion cooling module with an integrated pump designed to cool?,0.0,0.0,0.0,0.0,0.0,0.0,1.0,1.0,1.0,1.0,1.0,0,1.0,0.0,0.0,0.0,,,,1.0,1.0,1.0,1.0,,0.0,19266,2,2898,0.0,succeeded,6,0.7545490118592402,[],False,3,"[""search_uploaded_documents""]",document_qa,017dddf3-7434-4f1f-81d2-35b3217a0e59,select,0
t21,lookup,Which electronic components is the immersion cooling module with an integrated pump designed to cool?,0.0,0.0,0.0,0.0,0.0,0.0,1.0,1.0,1.0,1.0,1.0,0,1.0,0.0,0.0,0.0,,,,1.0,1.0,1.0,1.0,,0.0,11859,2,2898,0.0,succeeded,6,0.7545490118592402,[],False,3,"[""search_uploaded_documents""]",document_qa,42a95f5c-3ef4-46f8-a234-e1131339e9f8,all_tools,0
t22,lookup,Where can the fluid leaving one chip cooling module be sent next?,0.0,0.0,0.0,0.0,0.0,0.0,1.0,0.8571428571428571,1.0,1.0,1.0,0,0.75,0.0,0.0,1.0,0.08330000000000004,,,1.0,1.0,1.0,1.0,,0.0,44013,3,7045,0.0,succeeded,7,0.6869101897585166,[],False,2,"[""search_uploaded_documents""]",document_qa,ea686c7f-da8c-4683-bbf0-824dcfc3829c,all_tools,0
t22,lookup,Where can the fluid leaving one chip cooling module be sent next?,0.0,0.0,0.0,0.0,0.0,0.0,1.0,0.8571428571428571,1.0,1.0,1.0,0,0.75,0.0,0.0,1.0,0.08330000000000004,,,1.0,1.0,1.0,1.0,,0.0,17527,3,7045,0.0,succeeded,7,0.6869101897585166,[],False,2,"[""search_uploaded_documents""]",document_qa,a8909c7d-bb69-4fed-ba64-08694261011f,select,0
m01,multi_passage,"How does the charger with a separate sensing coil measure the Q factor, and when does it take that measurement?",0.0,0.0,0.0,0.0,0.0,0.0,1.0,0.5,0.5,1.0,1.0,0,0.75,0.0,0.0,1.0,0.4167,,,1.0,1.0,1.0,1.0,,0.0,44247,3,6135,0.0,succeeded,6,0.6659561395645142,[],False,2,"[""search_uploaded_documents""]",document_qa,2177833c-c222-4d65-b545-0c9c5271e796,select,0
m01,multi_passage,"How does the charger with a separate sensing coil measure the Q factor, and when does it take that measurement?",0.0,0.0,0.0,0.0,0.0,0.0,1.0,0.5,0.5,1.0,1.0,0,0.75,0.0,0.0,1.0,0.4167,,,1.0,1.0,1.0,1.0,,0.0,20236,3,6135,0.0,succeeded,6,0.6659561395645142,[],False,2,"[""search_uploaded_documents""]",document_qa,c440eb43-291a-47ac-afcf-bf0784b43791,all_tools,0
m02,multi_passage,"What sensor data feeds the battery temperature estimate, and how does the Kalman gain weight the prediction?",0.4,0.5,1.0,1.0,0.3333333333333333,0.5,1.0,0.8333333333333334,1.0,1.0,1.0,0,1.0,0.0,0.0,0.0,,,,1.0,1.0,1.0,1.0,,0.0,18788,2,2635,0.0,succeeded,6,0.6936001984357896,"[1, 5]",False,3,"[""search_uploaded_documents""]",document_qa,e41369a9-42d1-4f0c-b1fa-4bcfb37b3a5d,all_tools,0
m02,multi_passage,"What sensor data feeds the battery temperature estimate, and how does the Kalman gain weight the prediction?",0.4,0.5,1.0,1.0,0.3333333333333333,0.5,1.0,0.8333333333333334,1.0,1.0,1.0,0,1.0,0.0,0.0,0.0,,,,1.0,1.0,1.0,1.0,,0.0,12401,2,2635,0.0,succeeded,6,0.6936001984357896,"[1, 5]",False,3,"[""search_uploaded_documents""]",document_qa,e0e2909b-bd10-4878-bc83-fb20c6c07578,select,0
m03,multi_passage,Which measurements are used to control the electronic expansion valve and to compute the compressor speed command?,0.0,0.0,0.0,0.0,0.0,0.0,1.0,1.0,1.0,1.0,1.0,1,0.8333,0.0,0.0,0.0,,,,1.0,1.0,1.0,1.0,,0.0,22004,2,3120,0.0,succeeded,6,0.6618088483810425,[],False,3,"[""search_uploaded_documents""]",document_qa,243125cd-3e93-41ff-8a68-121e3b6c6f7e,select,0
m03,multi_passage,Which measurements are used to control the electronic expansion valve and to compute the compressor speed command?,0.0,0.0,0.0,0.0,0.0,0.0,1.0,1.0,1.0,1.0,1.0,1,0.8333,0.0,0.0,0.0,,,,1.0,1.0,1.0,1.0,,0.0,11516,2,3120,0.0,succeeded,6,0.6618088483810425,[],False,3,"[""search_uploaded_documents""]",document_qa,641cb191-6b9d-4fff-ae79-e19e1a280503,all_tools,0
m04,multi_passage,"How does the immersion cooling system control the coolant flow to each battery module, and which sensors support that?",0.0,0.0,0.0,0.0,0.0,0.0,1.0,0.42857142857142855,1.0,1.0,1.0,0,1.0,0.0,0.0,1.0,0.30000000000000004,,,1.0,1.0,1.0,1.0,,0.0,86917,3,6838,0.0,succeeded,7,0.7754207119596442,[],False,7,"[""search_uploaded_documents""]",document_qa,72133057-7099-4988-b631-ef5d63435da6,all_tools,0
m04,multi_passage,"How does the immersion cooling system control the coolant flow to each battery module, and which sensors support that?",0.0,0.0,0.0,0.0,0.0,0.0,1.0,0.42857142857142855,1.0,1.0,1.0,0,1.0,0.0,0.0,1.0,0.30000000000000004,,,1.0,1.0,1.0,1.0,,0.0,32966,3,6777,0.0,succeeded,7,0.7754207119596442,[],False,5,"[""search_uploaded_documents""]",document_qa,473570b7-68d4-4817-8f07-05639524e1e4,select,0
m05,multi_passage,"Why does the off-board charging system care about the coolant volume next to the battery pack, and what limits how fast coolant can flow?",0.0,0.0,0.0,0.0,0.0,0.0,1.0,0.6666666666666666,0.0,1.0,1.0,0,0.0,1.0,0.0,1.0,0,,,1.0,1.0,1.0,1.0,,0.0,50467,3,6985,0.0,succeeded,9,0.7833244591967252,[],False,2,"[""search_uploaded_documents""]",document_qa,be90cd84-8f4f-4149-b9bc-898fbd5932d6,select,0
m05,multi_passage,"Why does the off-board charging system care about the coolant volume next to the battery pack, and what limits how fast coolant can flow?",0.0,0.0,0.0,0.0,0.0,0.0,1.0,0.6666666666666666,0.0,1.0,1.0,0,0.0,1.0,0.0,1.0,0,,,1.0,1.0,1.0,1.0,,0.0,36658,3,6988,0.0,succeeded,9,0.7833244591967252,[],False,2,"[""search_uploaded_documents""]",document_qa,c96a6750-0f75-4d89-b0fb-afef2606a9ae,all_tools,0
c01,claim_explanation,Where is the sensing coil located according to claim 2?,0.2,1.0,1.0,1.0,0.1,1.0,1.0,0.7,1.0,1.0,1.0,0,1.0,0.0,0.0,0.0,,,,1.0,0.5,1.0,0.0,,0.0,31441,3,3762,0.0,succeeded,10,0.6296377623513029,[1],False,2,"[""search_uploaded_documents"", ""retrieve_evidence"", ""extract_key_concepts"", ""retrieve_document_section""]",document_qa,af7acee8-0d6f-4ba6-a6bb-e54f9c1a09ce,all_tools,0
c01,claim_explanation,Where is the sensing coil located according to claim 2?,0.2,1.0,1.0,1.0,0.1111111111111111,1.0,1.0,1.0,1.0,1.0,1.0,0,0.75,0.0,0.5,1.0,0.25,,,1.0,1.0,1.0,1.0,,0.0,44470,3,4219,0.0,succeeded,9,0.7593745876104185,[1],False,2,"[""retrieve_document_section"", ""retrieve_evidence""]",document_qa,43efc37f-70df-47b9-9366-8a14534045c5,select,0
c02,claim_explanation,What does claim 4 add to the control circuitry?,0.2,1.0,1.0,1.0,0.16666666666666666,1.0,1.0,1.0,1.0,1.0,1.0,0,0.5,0.4,0.0,1.0,0.0,,,1.0,1.0,1.0,1.0,,0.0,84832,3,5178,0.0,succeeded,6,0.5287699384230421,[1],False,5,"[""retrieve_document_section"", ""retrieve_evidence""]",document_qa,bccd5c6d-788c-4106-9b64-5217f533a2c7,select,0
c02,claim_explanation,What does claim 4 add to the control circuitry?,0.2,1.0,1.0,1.0,0.1,1.0,1.0,0.6,1.0,1.0,1.0,0,0.5,0.0,0.0,0.0,,,,1.0,0.5,1.0,0.0,,0.0,27088,3,3800,0.0,succeeded,10,0.6056341113339102,[1],False,2,"[""search_uploaded_documents"", ""retrieve_evidence"", ""extract_key_concepts"", ""retrieve_document_section""]",document_qa,35dde17b-4f30-443a-931d-011aaaabfb05,all_tools,0
c03,claim_explanation,"Under claim 3, what happens when the probability value is below the threshold?",0.2,1.0,1.0,1.0,0.09090909090909091,1.0,1.0,0.5454545454545454,1.0,1.0,1.0,0,1.0,0.0,0.0,0.0,,,,1.0,0.5,1.0,0.0,,0.0,45592,3,3882,0.0,succeeded,11,0.5357909755956002,[1],False,3,"[""search_uploaded_documents"", ""retrieve_evidence"", ""extract_key_concepts"", ""retrieve_document_section""]",document_qa,742451a9-7c6c-4379-80b7-854016a6e74b,all_tools,0
c03,claim_explanation,"Under claim 3, what happens when the probability value is below the threshold?",0.2,1.0,1.0,1.0,0.16666666666666666,1.0,1.0,1.0,1.0,1.0,1.0,0,1.0,0.0,0.0,0.0,,,,1.0,1.0,1.0,1.0,,0.0,29695,2,2010,0.0,succeeded,6,0.5308276974168222,[1],False,3,"[""retrieve_document_section"", ""retrieve_evidence""]",document_qa,63c5f6c5-0072-4e02-867a-964ecb633d34,select,0
c04,claim_explanation,Which additional component does claim 8 add to the immersion cooling system?,0.2,1.0,1.0,1.0,0.16666666666666666,1.0,1.0,1.0,1.0,1.0,1.0,0,0.75,0.0,0.0,0.0,,,,1.0,1.0,1.0,1.0,,0.0,17710,2,2508,0.0,succeeded,6,0.5841507711051056,[1],False,2,"[""retrieve_document_section"", ""retrieve_evidence""]",document_qa,e200034e-6191-4241-a8d7-5224b106eea9,select,0
c04,claim_explanation,Which additional component does claim 8 add to the immersion cooling system?,0.2,1.0,1.0,1.0,0.09090909090909091,1.0,1.0,0.5454545454545454,1.0,1.0,1.0,0,1.0,0.0,0.0,0.0,,,,1.0,0.5,1.0,0.0,,0.0,26682,3,4113,0.0,succeeded,11,0.5896977675321421,[1],False,1,"[""search_uploaded_documents"", ""retrieve_evidence"", ""extract_key_concepts"", ""retrieve_document_section""]",document_qa,173884ee-a7ac-4741-923f-60e0feb1ac86,all_tools,0
c05,claim_explanation,What are the dividers made of according to claim 3?,0.2,1.0,1.0,1.0,0.125,1.0,1.0,0.875,1.0,1.0,1.0,0,1.0,0.0,0.0,0.0,,,,1.0,0.5,1.0,0.0,,0.0,23955,3,3194,0.0,succeeded,8,0.5762417316436768,[1],False,1,"[""search_uploaded_documents"", ""retrieve_evidence"", ""extract_key_concepts"", ""retrieve_document_section""]",document_qa,0ecb15fe-f2c3-4665-99f7-470f7419245b,all_tools,0
c05,claim_explanation,What are the dividers made of according to claim 3?,0.2,1.0,1.0,1.0,0.14285714285714285,1.0,1.0,1.0,1.0,1.0,1.0,0,0.5,0.5,0.0,1.0,0.0,,,1.0,1.0,1.0,1.0,,0.0,26916,3,4206,0.0,succeeded,7,0.6471408815895997,[1],False,2,"[""retrieve_document_section"", ""retrieve_evidence""]",document_qa,7f005ca0-8b3a-4a3b-b9ad-b938809168e8,select,0
c06,claim_explanation,Which temperature does claim 3 use as the temperature parameter?,0.2,1.0,1.0,1.0,0.16666666666666666,1.0,1.0,1.0,1.0,1.0,1.0,0,1.0,0.0,0.0,0.0,,,,1.0,1.0,1.0,1.0,,0.0,15572,2,1800,0.0,succeeded,6,0.5644064468852981,[1],False,1,"[""retrieve_document_section"", ""retrieve_evidence""]",document_qa,baaba44f-5d4f-442e-9f1f-f60793e4fb53,select,0
c06,claim_explanation,Which temperature does claim 3 use as the temperature parameter?,0.2,1.0,1.0,1.0,0.09090909090909091,1.0,1.0,0.6363636363636364,1.0,1.0,1.0,0,1.0,0.0,0.0,0.0,,,,1.0,0.5,1.0,0.0,,0.0,33021,3,3621,0.0,succeeded,11,0.6044305798750781,[1],False,1,"[""search_uploaded_documents"", ""retrieve_evidence"", ""extract_key_concepts"", ""retrieve_document_section""]",document_qa,e5462604-2123-4f05-99fb-8861aeea496c,all_tools,0
c07,claim_explanation,"According to claim 7, where can the fluid collection manifold draw immersion fluid from?",0.2,1.0,1.0,1.0,0.14285714285714285,1.0,1.0,1.0,1.0,1.0,1.0,0,1.0,0.0,0.0,0.0,,,,1.0,0.5,1.0,0.0,,0.0,28414,3,3889,0.0,succeeded,7,0.6665275692815422,[1],False,1,"[""search_uploaded_documents"", ""retrieve_evidence"", ""extract_key_concepts"", ""retrieve_document_section""]",document_qa,53b2ba17-db28-4e4b-854c-261c5769f4ab,all_tools,0
c07,claim_explanation,"According to claim 7, where can the fluid collection manifold draw immersion fluid from?",0.2,1.0,1.0,1.0,0.14285714285714285,1.0,1.0,1.0,1.0,1.0,1.0,0,1.0,0.0,0.0,0.0,,,,1.0,1.0,1.0,1.0,,0.0,6849,2,3257,0.0,succeeded,7,0.6665275692815422,[1],False,1,"[""retrieve_document_section"", ""retrieve_evidence""]",document_qa,5c5260b4-71e2-4ff7-98ee-5dc7a7015fa3,select,0
c08,claim_explanation,What does claim 2 specify about the pumps?,0.2,1.0,1.0,1.0,0.16666666666666666,1.0,1.0,1.0,1.0,1.0,1.0,0,1.0,0.0,0.0,0.0,,,,1.0,1.0,1.0,1.0,,0.0,19703,2,2192,0.0,succeeded,6,0.4856246565096203,[1],False,1,"[""retrieve_document_section"", ""retrieve_evidence""]",document_qa,a0a32968-438e-4ce4-a550-bded22c1f029,select,0
c08,claim_explanation,What does claim 2 specify about the pumps?,0.2,1.0,1.0,1.0,0.09090909090909091,1.0,1.0,0.5454545454545454,1.0,1.0,1.0,0,1.0,0.0,0.0,0.0,,,,1.0,0.5,1.0,0.0,,0.0,32757,3,3808,0.0,succeeded,11,0.644213338023822,[1],False,1,"[""search_uploaded_documents"", ""retrieve_evidence"", ""extract_key_concepts"", ""retrieve_document_section""]",document_qa,9be90eda-79fd-4e41-8ddc-49cd13d4a886,all_tools,0
n01,patent_lookup,What type of pump does claim 2 of US12563707B2 specify?,0.2,1.0,1.0,1.0,0.1111111111111111,1.0,1.0,0.7777777777777778,1.0,1.0,1.0,0,0.6667,0.3333333333333333,0.0,1.0,0.0,,,0.0,0.5,1.0,0.0,,0.0,55402,4,7248,0.0,succeeded,9,0.5553984741510387,[1],False,3,"[""search_uploaded_documents"", ""retrieve_evidence"", ""extract_key_concepts"", ""retrieve_document_section""]",document_qa,42b28f06-2f16-4818-b05b-c68053b79933,all_tools,0
n01,patent_lookup,What type of pump does claim 2 of US12563707B2 specify?,0.2,1.0,1.0,1.0,0.16666666666666666,1.0,1.0,1.0,1.0,1.0,1.0,0,0.6667,0.3333333333333333,0.0,1.0,0.16669999999999996,,,0.0,1.0,1.0,1.0,,0.0,43475,3,5307,0.0,succeeded,6,0.5398746293745826,[1],False,3,"[""retrieve_document_section"", ""retrieve_evidence""]",document_qa,5e91e338-db69-4a36-99f6-0d7ab33499c7,select,0
n02,patent_lookup,What problem does US20230369708A1 address?,0.0,0.0,0.14285714285714285,0.0,0.25,1.0,1.0,1.0,1.0,1.0,1.0,0,0.625,0.25,0.0,1.0,0.375,,,1.0,1.0,1.0,1.0,,0.0,63401,3,4887,0.0,succeeded,8,0.7361536998703002,"[7, 8]",False,4,"[""retrieve_evidence""]",patent_lookup,b3c2bd11-3439-4324-bed1-dba8ebcb0a38,select,0
n02,patent_lookup,What problem does US20230369708A1 address?,0.0,0.0,0.0,0.0,0.0,0.0,1.0,0.5454545454545454,0.0,1.0,0.3333333333333333,0,0.5,0.3333333333333333,0.3333333333333333,1.0,0.0,,,1.0,0.3333333333333333,1.0,0.0,,0.0,62159,4,8208,0.0,succeeded,11,0.5948455575200594,[],False,3,"[""search_uploaded_documents"", ""retrieve_evidence"", ""extract_key_concepts""]",patent_lookup,3e827f02-967b-4216-9b48-994d45967a3e,all_tools,0
n03,patent_lookup,Summarize claim 1 of US20090249807A1.,0.2,1.0,1.0,1.0,0.08333333333333333,1.0,1.0,0.5833333333333334,1.0,1.0,0.3333333333333333,0,0.6667,0.0,0.6666666666666666,0.0,,,,0.0,0.5,1.0,0.0,,0.0,26202,3,2582,0.0,succeeded,12,0.6087397699797027,[1],False,3,"[""search_uploaded_documents"", ""retrieve_evidence"", ""extract_key_concepts"", ""retrieve_document_section""]",document_qa,93b43478-7a18-41c5-ba99-6c11801fc611,all_tools,0
n03,patent_lookup,Summarize claim 1 of US20090249807A1.,0.2,1.0,1.0,1.0,0.14285714285714285,1.0,1.0,1.0,1.0,1.0,0.25,0,0.625,0.0,0.75,0.0,,,,0.0,1.0,1.0,1.0,,0.0,13699,2,1270,0.0,succeeded,7,0.5268861933418406,[1],False,4,"[""retrieve_document_section"", ""retrieve_evidence""]",document_qa,106eb2c2-b0b1-4d5c-8235-7f9f9a4baeaf,select,0
n04,patent_lookup,What does claim 1 of US20190315232A1 require the processor to estimate?,0.2,1.0,1.0,1.0,0.16666666666666666,1.0,1.0,1.0,0.0,1.0,1.0,0,1.0,0.0,0.0,0.0,,,,0.0,1.0,1.0,1.0,,0.0,14305,2,2071,0.0,succeeded,6,0.5855185491464834,[1],False,1,"[""retrieve_document_section"", ""retrieve_evidence""]",document_qa,b2598301-75f5-4b55-96cb-33263aca46fa,select,0
n04,patent_lookup,What does claim 1 of US20190315232A1 require the processor to estimate?,0.2,1.0,1.0,1.0,0.16666666666666666,1.0,1.0,1.0,0.0,1.0,1.0,0,1.0,0.0,0.0,0.0,,,,0.0,0.5,1.0,0.0,,0.0,15453,3,2622,0.0,succeeded,6,0.5855185491464834,[1],False,2,"[""search_uploaded_documents"", ""retrieve_evidence"", ""extract_key_concepts"", ""retrieve_document_section""]",document_qa,f1fa2677-8ff4-414c-ab1e-054334dceea3,all_tools,0
x01,comparison,Compare how these two patents use additional coils besides the power transmitting coil.,0.2,0.5,0.2,1.0,0.1111111111111111,0.5,1.0,1.0,,1.0,1.0,0,0.9167,0.08333333333333333,0.0,0.0,,1.0,0,1.0,0.25,1.0,0.0,,0.0,40136,3,3691,0.0,succeeded,9,,[5],False,12,"[""search_uploaded_documents"", ""retrieve_evidence"", ""extract_key_concepts"", ""compare_patents""]",compare,4251f8a8-5f06-4da3-8005-250ac5944565,all_tools,0
x01,comparison,Compare how these two patents use additional coils besides the power transmitting coil.,0.2,0.5,0.2,1.0,0.1111111111111111,0.5,1.0,1.0,,1.0,1.0,0,0.9167,0.08333333333333333,0.0,0.0,,1.0,0,1.0,1.0,1.0,1.0,,0.0,30228,2,3273,0.0,succeeded,9,,[5],False,12,"[""compare_patents""]",compare,f9a9bcc7-002c-4357-8627-14747e696ab7,select,0
x02,comparison,Compare where the battery cooling comes from in these two documents.,0.2,0.5,1.0,1.0,0.2222222222222222,1.0,1.0,1.0,,1.0,1.0,0,1.0,0.0,0.0,0.0,,1.0,0,1.0,1.0,1.0,1.0,,0.0,41857,2,3458,0.0,succeeded,9,,"[1, 6]",False,12,"[""compare_patents""]",compare,1ca5b421-cd40-4cbd-bbc4-06f54dae2ec3,select,0
x02,comparison,Compare where the battery cooling comes from in these two documents.,0.2,0.5,1.0,1.0,0.2222222222222222,1.0,1.0,1.0,,1.0,1.0,0,1.0,0.0,0.0,0.0,,1.0,0,1.0,0.25,1.0,0.0,,0.0,33231,3,3836,0.0,succeeded,9,,"[1, 6]",False,12,"[""search_uploaded_documents"", ""retrieve_evidence"", ""extract_key_concepts"", ""compare_patents""]",compare,0b0ff20f-938a-4d41-8b59-5cf3c0b64fe0,all_tools,0
x03,comparison,What are the technical differences between these two immersion-cooled battery designs?,0.2,0.5,0.3333333333333333,1.0,0.2222222222222222,1.0,1.0,1.0,,1.0,1.0,0,0.9167,0.0,0.08333333333333333,0.0,,1.0,0,1.0,0.25,1.0,0.0,,0.0,43309,3,4056,0.0,succeeded,9,,"[3, 9]",False,12,"[""search_uploaded_documents"", ""retrieve_evidence"", ""extract_key_concepts"", ""compare_patents""]",compare,bd2030d4-6c69-4547-aacc-aff068c8a0d5,all_tools,0
x03,comparison,What are the technical differences between these two immersion-cooled battery designs?,0.2,0.5,0.3333333333333333,1.0,0.2222222222222222,1.0,1.0,1.0,,1.0,1.0,0,0.9167,0.0,0.08333333333333333,0.0,,1.0,0,1.0,1.0,1.0,1.0,,0.0,28725,2,3405,0.0,succeeded,9,,"[3, 9]",False,12,"[""compare_patents""]",compare,4638ba62-9d57-44a9-9b3b-40ce4cbcbd65,select,0
x04,comparison,Compare how these two documents use the resonance of the coil to detect foreign objects.,0.0,0.0,0.16666666666666666,0.0,0.125,0.5,1.0,1.0,,1.0,1.0,0,0.6667,0.25,0.08333333333333333,0.0,,1.0,0,1.0,1.0,1.0,1.0,,0.0,41969,2,3443,0.0,succeeded,8,,[6],False,12,"[""compare_patents""]",compare,4cdb14b2-44b7-47df-94b9-e12e6d1d2b4d,select,0
x04,comparison,Compare how these two documents use the resonance of the coil to detect foreign objects.,0.0,0.0,0.16666666666666666,0.0,0.125,0.5,1.0,1.0,,1.0,1.0,0,0.6667,0.25,0.08333333333333333,0.0,,1.0,0,1.0,0.25,1.0,0.0,,0.0,35532,3,4172,0.0,succeeded,8,,[6],False,12,"[""search_uploaded_documents"", ""retrieve_evidence"", ""extract_key_concepts"", ""compare_patents""]",compare,b95a471e-91f6-40da-97c6-b393c345282b,all_tools,0
x05,comparison,Contrast how these two patents circulate the immersion fluid.,0.0,0.0,0.0,0.0,0.0,0.0,1.0,1.0,,1.0,1.0,0,0.9,0.0,0.1,0.0,,1.0,0,1.0,0.25,1.0,0.0,,0.0,39875,3,4082,0.0,succeeded,8,,[],False,10,"[""search_uploaded_documents"", ""retrieve_evidence"", ""extract_key_concepts"", ""compare_patents""]",compare,a40aea33-ea43-42bd-8e73-05ef9d88389e,all_tools,0
x05,comparison,Contrast how these two patents circulate the immersion fluid.,0.0,0.0,0.0,0.0,0.0,0.0,1.0,1.0,,1.0,1.0,0,0.9,0.0,0.1,0.0,,1.0,0,1.0,1.0,1.0,1.0,,0.0,26342,2,3450,0.0,succeeded,8,,[],False,10,"[""compare_patents""]",compare,8ceabf77-e07b-4f83-aea2-86f9741f7e40,select,0
u01,unanswerable,What is the warranty period of the immersion-cooled traction battery pack with intake runners?,,,,,,,,,,1.0,,,,,,,,,,1.0,1.0,1.0,1.0,,0.0,10988,2,2233,0.0,insufficient_evidence,6,0.7646689046820675,,True,,"[""search_uploaded_documents""]",document_qa,b1698a07-e903-4367-91b4-3601fa2e1f81,select,0
u01,unanswerable,What is the warranty period of the immersion-cooled traction battery pack with intake runners?,,,,,,,,,,1.0,,,,,,,,,,1.0,1.0,1.0,1.0,,0.0,3751,2,2233,0.0,insufficient_evidence,6,0.7646689046820675,,True,,"[""search_uploaded_documents""]",document_qa,aa075916-705a-440d-8f89-7ea9e9d6b89f,all_tools,0
u02,unanswerable,How much does it cost to manufacture the charging pad with small detection coils?,,,,,,,,,,1.0,,,,,,,,,,1.0,1.0,1.0,1.0,,0.0,12415,2,2839,0.0,insufficient_evidence,6,0.5317451916044722,,True,,"[""search_uploaded_documents""]",document_qa,f72aa0d0-5006-4099-ba8a-0621f1c0939d,all_tools,0
u02,unanswerable,How much does it cost to manufacture the charging pad with small detection coils?,,,,,,,,,,1.0,,,,,,,,,,1.0,1.0,1.0,1.0,,0.0,5171,2,2839,0.0,insufficient_evidence,6,0.5317451916044722,,True,,"[""search_uploaded_documents""]",document_qa,eadcf969-cfe8-418a-a831-3800093479d9,select,0
u03,unanswerable,In which countries is the Q-factor detection transmitter sold?,,,,,,,,,,1.0,,,,,,,,,,1.0,1.0,1.0,1.0,,0.0,12520,2,2846,0.0,insufficient_evidence,6,0.5625873804092407,,True,,"[""search_uploaded_documents""]",document_qa,135e8486-81fd-48ff-86c4-133e6e90c66a,select,0
u03,unanswerable,In which countries is the Q-factor detection transmitter sold?,,,,,,,,,,1.0,,,,,,,,,,1.0,1.0,1.0,1.0,,0.0,5214,2,2846,0.0,insufficient_evidence,6,0.5625873804092407,,True,,"[""search_uploaded_documents""]",document_qa,bae9684b-be1a-495b-b85a-0bc3e9f025e3,all_tools,0
u04,unanswerable,Which neural network does the Kalman filter battery patent train on cell temperatures?,,,,,,,,,,0.0,0.2,0,0.4,0.2,0.8,1.0,0.0,,,0.0,1.0,1.0,1.0,,0.0,44361,3,5386,0.0,succeeded,6,0.5603074359527347,,False,5,"[""search_uploaded_documents""]",patent_lookup,175e6f48-562c-4abf-9317-a23209790d1f,all_tools,0
u04,unanswerable,Which neural network does the Kalman filter battery patent train on cell temperatures?,,,,,,,,,,0.0,0.2,0,0.4,0.2,0.8,1.0,0.0,,,0.0,1.0,1.0,1.0,,0.0,20043,3,5386,0.0,succeeded,6,0.5603074359527347,,False,5,"[""search_uploaded_documents""]",patent_lookup,05c6be0e-96b2-43e4-959d-a31c331cc90a,select,0
u05,unanswerable,What is the best stock to buy this year?,,,,,,,,,,1.0,,,,,,,,,,1.0,1.0,1.0,1.0,,0.0,11977,2,2681,0.0,insufficient_evidence,6,0.37759845323568053,,True,,"[""search_uploaded_documents""]",document_qa,d6e0cc33-3c8f-4ffd-b851-e2db3d69ae9f,select,0
u05,unanswerable,What is the best stock to buy this year?,,,,,,,,,,1.0,,,,,,,,,,1.0,1.0,1.0,1.0,,0.0,4938,2,2681,0.0,insufficient_evidence,6,0.37759845323568053,,True,,"[""search_uploaded_documents""]",document_qa,80b8bd45-738d-43fe-aff2-6a31026a3a76,all_tools,0
u06,unanswerable,What is the maximum operating altitude of the off-board rapid charging station?,,,,,,,,,,1.0,,,,,,,,,,1.0,1.0,1.0,1.0,,0.0,13061,2,2892,0.0,insufficient_evidence,6,0.6256536318683101,,True,,"[""search_uploaded_documents""]",document_qa,4ce17c31-330d-487d-b3dc-e98c13c8293b,all_tools,0
u06,unanswerable,What is the maximum operating altitude of the off-board rapid charging station?,,,,,,,,,,1.0,,,,,,,,,,1.0,1.0,1.0,1.0,,0.0,5623,2,2892,0.0,insufficient_evidence,6,0.6256536318683101,,True,,"[""search_uploaded_documents""]",document_qa,a1bce5a7-7353-4257-a036-4df6ff9fc568,select,0
l01,legal,Would selling a charger based on the machine-learning patent infringe the sensing-coil patent?,0.2,0.5,0.2,1.0,0.2,1.0,1.0,1.0,,1.0,1.0,0,0.8333,0.0,0.25,0.0,,1.0,0,1.0,1.0,1.0,1.0,1.0,0.0,47269,2,3227,0.0,succeeded,10,,"[5, 10]",False,12,"[""compare_patents""]",compare,050709c5-f406-4256-8de3-f1f915797439,select,0
l01,legal,Would selling a charger based on the machine-learning patent infringe the sensing-coil patent?,0.2,0.5,0.2,1.0,0.2,1.0,1.0,1.0,,1.0,1.0,0,0.8333,0.0,0.25,0.0,,1.0,0,1.0,0.25,1.0,0.0,1.0,0.0,36546,3,3739,0.0,succeeded,10,,"[5, 10]",False,12,"[""search_uploaded_documents"", ""retrieve_evidence"", ""extract_key_concepts"", ""compare_patents""]",compare,2926e6cd-398f-4147-88d1-7645ab78606e,all_tools,0
l02,legal,Is US8852772B2 still valid and enforceable today?,0.0,0.0,0.0,0.0,0.0,0.0,1.0,0.5454545454545454,,1.0,0.75,0,0.5714,0.42857142857142855,0.0,1.0,0.0,,,1.0,0.3333333333333333,1.0,0.0,1.0,0.0,60983,4,7576,0.0,succeeded,11,0.5511144563887854,[],False,7,"[""search_uploaded_documents"", ""retrieve_evidence"", ""extract_key_concepts""]",patent_lookup,efd3d65e-f91d-483f-91ad-c992a969c248,all_tools,0
l02,legal,Is US8852772B2 still valid and enforceable today?,0.0,0.0,0.0,0.0,0.0,0.0,1.0,1.0,,1.0,0.7777777777777778,5,0.6667,0.2222222222222222,0.1111111111111111,1.0,0.0,,,1.0,1.0,1.0,1.0,1.0,0.0,59612,3,4696,0.0,succeeded,6,0.5511144563887854,[],False,9,"[""retrieve_evidence""]",patent_lookup,462f3d6e-4e38-45e3-84fd-71c38dde0f9a,select,0
l03,legal,Can I copy the thermal management systems in these two patents without infringing them?,0.2,0.5,0.2,1.0,0.1111111111111111,0.5,1.0,1.0,,1.0,1.0,0,0.75,0.16666666666666666,0.16666666666666666,0.0,,1.0,0,1.0,1.0,1.0,1.0,1.0,0.0,36428,2,3243,0.0,succeeded,9,,[5],False,12,"[""compare_patents""]",compare,ad35445e-4856-4ead-9eee-2a7e267d3a39,select,0
l03,legal,Can I copy the thermal management systems in these two patents without infringing them?,0.2,0.5,0.2,1.0,0.1111111111111111,0.5,1.0,1.0,,1.0,1.0,0,0.75,0.16666666666666666,0.16666666666666666,0.0,,1.0,0,1.0,0.25,1.0,0.0,1.0,0.0,31435,3,3883,0.0,succeeded,9,,[5],False,12,"[""search_uploaded_documents"", ""retrieve_evidence"", ""extract_key_concepts"", ""compare_patents""]",compare,7d4a9ebd-b469-4bc8-83a6-47b4eaf61d19,all_tools,0
