item_id,item_type,question,variant,repeat,precision_at_k,recall_at_k,mrr,hit_at_k,context_precision,context_recall,source_recall,source_precision,key_fact_recall,abstention_correct,citation_coverage,invalid_citations,grounding_score,unsupported_rate,misattribution_rate,regenerated,regeneration_gain,cell_coverage,cross_source_citations,intent_correct,tool_precision,tool_recall,tools_exact,legal_flag_correct,failed,latency_ms,llm_calls,total_tokens,cost_usd,status,n_retrieved,top_similarity,relevant_ranks,abstained,tools_used,intent,run_id,claims_checked
t01,lookup,How can the Q-factor be estimated by simply counting oscillations of the capacitor voltage?,off,0,0.2,1.0,0.25,1.0,0.16666666666666666,1.0,1.0,1.0,1.0,1.0,0.6,0,,,,,,,,1.0,1.0,1.0,1.0,,0.0,10427,2,2827,0.0,succeeded,6,0.7240405843233727,[4],False,"[""search_uploaded_documents""]",document_qa,dab73c3c-5070-4922-ae72-7550b9ae265e,
t01,lookup,How can the Q-factor be estimated by simply counting oscillations of the capacitor voltage?,report,0,0.2,1.0,0.25,1.0,0.16666666666666666,1.0,1.0,1.0,1.0,1.0,0.6,0,0.4,0.4,0.2,0.0,,,,1.0,1.0,1.0,1.0,,0.0,14282,2,2827,0.0,succeeded,6,0.7240405843233727,[4],False,"[""search_uploaded_documents""]",document_qa,8b8bf83f-8140-47da-b2cc-31352a06cee8,5
t01,lookup,How can the Q-factor be estimated by simply counting oscillations of the capacitor voltage?,regenerate,0,0.2,1.0,0.25,1.0,0.16666666666666666,1.0,1.0,1.0,1.0,1.0,0.6,0,0.4,0.4,0.2,1.0,0.0,,,1.0,1.0,1.0,1.0,,0.0,21801,3,5380,0.0,succeeded,6,0.7240405843233727,[4],False,"[""search_uploaded_documents""]",document_qa,b68a7233-5a1b-4191-a149-636ebfa938cd,5
t02,lookup,"Besides detecting foreign objects, what else can an array of small detection coils tell the charger?",report,0,0.2,1.0,0.5,1.0,0.16666666666666666,1.0,1.0,1.0,1.0,1.0,1.0,0,0.8,0.0,0.4,0.0,,,,1.0,1.0,1.0,1.0,,0.0,23854,2,3157,0.0,succeeded,6,0.705395758152013,[2],False,"[""search_uploaded_documents""]",document_qa,b996540f-fbae-40c0-bcca-0691f2122345,5
t02,lookup,"Besides detecting foreign objects, what else can an array of small detection coils tell the charger?",regenerate,0,0.2,1.0,0.5,1.0,0.16666666666666666,1.0,1.0,1.0,1.0,1.0,1.0,0,0.8,0.0,0.4,0.0,,,,1.0,1.0,1.0,1.0,,0.0,15470,2,3157,0.0,succeeded,6,0.705395758152013,[2],False,"[""search_uploaded_documents""]",document_qa,c7246afa-4ce2-4cc7-9e1e-cef3ce79f3e7,5
t02,lookup,"Besides detecting foreign objects, what else can an array of small detection coils tell the charger?",off,0,0.2,1.0,0.5,1.0,0.16666666666666666,1.0,1.0,1.0,1.0,1.0,1.0,0,,,,,,,,1.0,1.0,1.0,1.0,,0.0,8208,2,3157,0.0,succeeded,6,0.705395758152013,[2],False,"[""search_uploaded_documents""]",document_qa,8d37a4d9-879a-42bc-b6cd-ee2bca5eafbf,
t03,lookup,Why is the coil-based foreign object detection preferably done while no power is being transferred?,regenerate,0,0.0,0.0,0.14285714285714285,0.0,0.14285714285714285,0.5,1.0,1.0,0.0,1.0,1.0,0,0.5,0.5,0.0,1.0,0.125,,,1.0,1.0,1.0,1.0,,0.0,48628,3,6871,0.0,succeeded,7,0.6768325567245531,[7],False,"[""search_uploaded_documents""]",document_qa,eefc5966-8dd2-40d4-8f97-a7f5196a52f3,2
t03,lookup,Why is the coil-based foreign object detection preferably done while no power is being transferred?,off,0,0.0,0.0,0.0,0.0,0.0,0.0,1.0,1.0,0.0,1.0,0.75,0,,,,,,,,1.0,1.0,1.0,1.0,,0.0,8577,2,3410,0.0,succeeded,6,0.6768325567245531,[],False,"[""search_uploaded_documents""]",document_qa,ab8eb67a-d0ca-45d2-8687-5f18cf706677,
t03,lookup,Why is the coil-based foreign object detection preferably done while no power is being transferred?,report,0,0.0,0.0,0.0,0.0,0.0,0.0,1.0,1.0,0.0,1.0,0.75,0,0.375,0.25,0.0,0.0,,,,1.0,1.0,1.0,1.0,,0.0,17292,2,3410,0.0,succeeded,6,0.6768325567245531,[],False,"[""search_uploaded_documents""]",document_qa,349b257c-b6eb-4f75-9e2d-bedc50580f65,4
t04,lookup,Why can a second charger nearby make the Q factor measurement unreliable?,off,0,0.0,0.0,0.0,0.0,0.0,0.0,0.0,0.0,0.0,1.0,0.5,0,,,,,,,,1.0,1.0,1.0,1.0,,0.0,18714,2,2887,0.0,succeeded,6,0.6361185853693351,[],False,"[""search_uploaded_documents""]",document_qa,ca19e41e-b352-4516-a64e-24d2326729a0,
t04,lookup,Why can a second charger nearby make the Q factor measurement unreliable?,report,0,0.0,0.0,0.0,0.0,0.0,0.0,0.0,0.0,0.0,1.0,0.5,0,0.0,1.0,0.0,0.0,,,,1.0,1.0,1.0,1.0,,0.0,17865,2,2887,0.0,succeeded,6,0.6361185853693351,[],False,"[""search_uploaded_documents""]",document_qa,91612609-bb03-4f06-a681-72c00e5aa0ab,4
t04,lookup,Why can a second charger nearby make the Q factor measurement unreliable?,regenerate,0,0.0,0.0,0.0,0.0,0.0,0.0,0.0,0.0,0.0,1.0,0.75,0,0.0,1.0,0.0,1.0,0,,,1.0,1.0,1.0,1.0,,0.0,40909,3,5961,0.0,succeeded,7,0.7379711334083527,[],False,"[""search_uploaded_documents""]",document_qa,7596edbe-fa5d-4d33-b33b-501bf9d50162,4
t05,lookup,Which everyday objects are given as examples of foreign objects in the patent that uses a reference peak frequency?,report,0,0.0,0.0,0.0,0.0,0.0,0.0,1.0,1.0,0.0,1.0,0.5,0,0.375,0.5,0.25,0.0,,,,1.0,1.0,1.0,1.0,,0.0,26297,2,3044,0.0,succeeded,6,0.5769078731536865,[],False,"[""search_uploaded_documents""]",document_qa,2bdcd5f5-958a-4931-aed4-63f3e82a64ee,4
t05,lookup,Which everyday objects are given as examples of foreign objects in the patent that uses a reference peak frequency?,regenerate,0,0.0,0.0,0.0,0.0,0.0,0.0,1.0,1.0,0.0,1.0,0.5,0,0.375,0.5,0.25,1.0,0.0,,,1.0,1.0,1.0,1.0,,0.0,41777,3,7190,0.0,succeeded,6,0.5769078731536865,[],False,"[""search_uploaded_documents""]",document_qa,e78814e9-1958-4c77-9c44-95ca18fe0f24,4
t05,lookup,Which everyday objects are given as examples of foreign objects in the patent that uses a reference peak frequency?,off,0,0.0,0.0,0.0,0.0,0.0,0.0,1.0,1.0,0.0,1.0,0.5,0,,,,,,,,1.0,1.0,1.0,1.0,,0.0,11046,2,3044,0.0,succeeded,6,0.5769078731536865,[],False,"[""search_uploaded_documents""]",document_qa,da2ff6af-d940-48dc-95b6-21dadf515756,
t06,lookup,Which kinds of sensors have previously been used to detect objects on electric vehicle wireless charging pads?,regenerate,0,0.0,0.0,0.0,0.0,0.0,0.0,1.0,0.375,0.0,1.0,0.6666666666666666,0,0.6667,0.3333333333333333,0.0,1.0,0.06669999999999998,,,1.0,1.0,1.0,1.0,,0.0,54119,3,6697,0.0,succeeded,8,0.7071965089802186,[],False,"[""search_uploaded_documents""]",document_qa,86f36c44-a5d8-4314-acab-e804dae1584e,3
t06,lookup,Which kinds of sensors have previously been used to detect objects on electric vehicle wireless charging pads?,off,0,0.0,0.0,0.0,0.0,0.0,0.0,1.0,0.3333333333333333,0.0,1.0,0.75,0,,,,,,,,1.0,1.0,1.0,1.0,,0.0,7650,2,3119,0.0,succeeded,6,0.6405755663261167,[],False,"[""search_uploaded_documents""]",document_qa,af65c504-fa00-4a90-9562-45dea4ec0146,
t06,lookup,Which kinds of sensors have previously been used to detect objects on electric vehicle wireless charging pads?,report,0,0.0,0.0,0.0,0.0,0.0,0.0,1.0,0.3333333333333333,0.0,1.0,0.75,0,0.5,0.25,0.0,0.0,,,,1.0,1.0,1.0,1.0,,0.0,13542,2,3119,0.0,succeeded,6,0.6405755663261167,[],False,"[""search_uploaded_documents""]",document_qa,85bc288d-561d-4539-ac09-6e1baa589c5f,4
t07,lookup,Which hazards is object detection on the vehicle charging pad meant to prevent?,off,0,0.2,1.0,0.5,1.0,0.16666666666666666,1.0,1.0,0.5,1.0,1.0,1.0,0,,,,,,,,1.0,1.0,1.0,1.0,,0.0,17106,2,3058,0.0,succeeded,6,0.59950991871894,[2],False,"[""search_uploaded_documents""]",document_qa,6b7085cf-5e5a-4810-8bf6-c3cdfb0f7431,
t07,lookup,Which hazards is object detection on the vehicle charging pad meant to prevent?,report,0,0.2,1.0,0.5,1.0,0.16666666666666666,1.0,1.0,0.5,1.0,1.0,1.0,0,0.6667,0.3333333333333333,0.0,0.0,,,,1.0,1.0,1.0,1.0,,0.0,12206,2,3058,0.0,succeeded,6,0.59950991871894,[2],False,"[""search_uploaded_documents""]",document_qa,1a3bbfec-c2b7-43b0-a874-f6c10b4cd3fb,3
t07,lookup,Which hazards is object detection on the vehicle charging pad meant to prevent?,regenerate,0,0.2,1.0,0.5,1.0,0.16666666666666666,1.0,1.0,0.5,1.0,1.0,1.0,0,0.6667,0.3333333333333333,0.0,1.0,0.0,,,1.0,1.0,1.0,1.0,,0.0,30142,3,6204,0.0,succeeded,6,0.59950991871894,[2],False,"[""search_uploaded_documents""]",document_qa,6c9b0e74-4838-4eb8-af68-c1f2f3bf35f9,3
t08,lookup,Which measurements are gathered from each coil for the machine-learning foreign object detection?,report,0,0.0,0.0,0.0,0.0,0.0,0.0,1.0,0.3333333333333333,1.0,1.0,1.0,0,1.0,0.0,0.0,0.0,,,,1.0,1.0,1.0,1.0,,0.0,19774,2,3269,0.0,succeeded,6,0.6820434087385618,[],False,"[""search_uploaded_documents""]",document_qa,8dc9c7d9-96b9-4a87-a7ef-0b01fbaf558c,2
t08,lookup,Which measurements are gathered from each coil for the machine-learning foreign object detection?,regenerate,0,0.0,0.0,0.0,0.0,0.0,0.0,1.0,0.3333333333333333,1.0,1.0,1.0,0,1.0,0.0,0.0,0.0,,,,1.0,1.0,1.0,1.0,,0.0,10377,2,3269,0.0,succeeded,6,0.6820434087385618,[],False,"[""search_uploaded_documents""]",document_qa,f4bb8407-afd3-4568-aace-36fbf83fac6c,2
t08,lookup,Which measurements are gathered from each coil for the machine-learning foreign object detection?,off,0,0.0,0.0,0.0,0.0,0.0,0.0,1.0,0.3333333333333333,1.0,1.0,1.0,0,,,,,,,,1.0,1.0,1.0,1.0,,0.0,5615,2,3269,0.0,succeeded,6,0.6820434087385618,[],False,"[""search_uploaded_documents""]",document_qa,aa248a7b-3e16-4f16-802b-9110f530a257,
t09,lookup,How much heat must the heat exchanger absorb during a 300 kW rapid recharge?,regenerate,0,0.2,1.0,0.5,1.0,0.16666666666666666,1.0,1.0,0.8333333333333334,1.0,1.0,1.0,0,1.0,0.0,0.0,0.0,,,,1.0,1.0,1.0,1.0,,0.0,19518,2,3081,0.0,succeeded,6,0.6959300274765524,[2],False,"[""search_uploaded_documents""]",document_qa,e73ab12a-c822-4171-86f8-81355f254a68,2
t09,lookup,How much heat must the heat exchanger absorb during a 300 kW rapid recharge?,off,0,0.2,1.0,0.5,1.0,0.16666666666666666,1.0,1.0,0.8333333333333334,1.0,1.0,1.0,0,,,,,,,,1.0,1.0,1.0,1.0,,0.0,6006,2,3081,0.0,succeeded,6,0.6959300274765524,[2],False,"[""search_uploaded_documents""]",document_qa,3188b35f-725c-46a9-972f-f7355f43732e,
t09,lookup,How much heat must the heat exchanger absorb during a 300 kW rapid recharge?,report,0,0.2,1.0,0.5,1.0,0.16666666666666666,1.0,1.0,0.8333333333333334,1.0,1.0,1.0,0,1.0,0.0,0.0,0.0,,,,1.0,1.0,1.0,1.0,,0.0,9257,2,3081,0.0,succeeded,6,0.6959300274765524,[2],False,"[""search_uploaded_documents""]",document_qa,2c24510d-7273-460b-9cd6-2dd660c0a698,2
t10,lookup,How thick are the on-board coolant pipes in the Tesla Model S example?,off,0,0.0,0.0,0.0,0.0,0.0,0.0,1.0,1.0,,0.0,,,,,,,,,,1.0,1.0,1.0,1.0,,0.0,12641,2,2724,0.0,insufficient_evidence,6,0.6676156122913699,[],True,"[""search_uploaded_documents""]",document_qa,020836db-91b5-4d2b-a2c8-3fd041eb9c71,
t10,lookup,How thick are the on-board coolant pipes in the Tesla Model S example?,report,0,0.0,0.0,0.0,0.0,0.0,0.0,1.0,1.0,,0.0,,,,,,,,,,1.0,1.0,1.0,1.0,,0.0,5161,2,2724,0.0,insufficient_evidence,6,0.6676156122913699,[],True,"[""search_uploaded_documents""]",document_qa,d6ffe8d2-4f3d-4230-b739-dfe625872c71,
t10,lookup,How thick are the on-board coolant pipes in the Tesla Model S example?,regenerate,0,0.0,0.0,0.0,0.0,0.0,0.0,1.0,1.0,,0.0,,,,,,,,,,1.0,1.0,1.0,1.0,,0.0,3668,2,2724,0.0,insufficient_evidence,6,0.6676156122913699,[],True,"[""search_uploaded_documents""]",document_qa,eb8a89ee-76ac-42a3-b27b-e5f993f8bd5c,
t11,lookup,In which situations may a large electric vehicle battery still need active cooling?,report,0,0.0,0.0,0.0,0.0,0.0,0.0,1.0,0.5,0.0,1.0,0.75,0,0.625,0.25,0.25,0.0,,,,1.0,1.0,1.0,1.0,,0.0,22350,2,3034,0.0,succeeded,6,0.6745447502354246,[],False,"[""search_uploaded_documents""]",document_qa,b271f9e1-d1d8-46a3-97be-553ac4d7be66,4
t11,lookup,In which situations may a large electric vehicle battery still need active cooling?,regenerate,0,0.0,0.0,0.0,0.0,0.0,0.0,1.0,0.5,0.0,1.0,0.75,0,0.625,0.25,0.25,1.0,0.0,,,1.0,1.0,1.0,1.0,,0.0,31110,3,5770,0.0,succeeded,6,0.6745447502354246,[],False,"[""search_uploaded_documents""]",document_qa,7e31cac8-d656-4459-97fa-079a7e088cbf,4
t11,lookup,In which situations may a large electric vehicle battery still need active cooling?,off,0,0.0,0.0,0.0,0.0,0.0,0.0,1.0,0.5,0.0,1.0,0.75,0,,,,,,,,1.0,1.0,1.0,1.0,,0.0,7825,2,3034,0.0,succeeded,6,0.6745447502354246,[],False,"[""search_uploaded_documents""]",document_qa,69730c03-d69b-47a2-8bba-00d84e749b99,
t12,lookup,Which two models are used in the prediction stage of the battery temperature estimate?,regenerate,0,0.2,1.0,1.0,1.0,0.16666666666666666,1.0,1.0,0.3333333333333333,1.0,1.0,1.0,0,1.0,0.0,0.0,0.0,,,,1.0,1.0,1.0,1.0,,0.0,30784,2,2744,0.0,succeeded,6,0.6943349424400972,[1],False,"[""search_uploaded_documents""]",document_qa,fd9a2b39-a8c8-4f14-a87f-57339e811300,1
t12,lookup,Which two models are used in the prediction stage of the battery temperature estimate?,off,0,0.2,1.0,1.0,1.0,0.16666666666666666,1.0,1.0,0.3333333333333333,1.0,1.0,1.0,0,,,,,,,,1.0,1.0,1.0,1.0,,0.0,14993,2,2744,0.0,succeeded,6,0.6943349424400972,[1],False,"[""search_uploaded_documents""]",document_qa,0705d1a2-9ee1-4486-a7a9-b63128220b6d,
t12,lookup,Which two models are used in the prediction stage of the battery temperature estimate?,report,0,0.2,1.0,1.0,1.0,0.16666666666666666,1.0,1.0,0.3333333333333333,1.0,1.0,1.0,0,1.0,0.0,0.0,0.0,,,,1.0,1.0,1.0,1.0,,0.0,16705,2,2744,0.0,succeeded,6,0.6943349424400972,[1],False,"[""search_uploaded_documents""]",document_qa,0a9c68fc-d34c-4d5e-a56a-108d56eebd46,1
t13,lookup,Does the battery temperature estimation software have to be written in a particular programming language?,off,0,0.0,0.0,0.0,0.0,0.0,0.0,1.0,0.16666666666666666,0.0,1.0,0.5,0,,,,,,,,1.0,1.0,1.0,1.0,,0.0,16360,2,2785,0.0,succeeded,6,0.6180085030779213,[],False,"[""search_uploaded_documents""]",document_qa,ca640c75-97e5-48be-b432-fc3ed6dd38c1,
t13,lookup,Does the battery temperature estimation software have to be written in a particular programming language?,report,0,0.0,0.0,0.0,0.0,0.0,0.0,1.0,0.16666666666666666,0.0,1.0,0.5,0,0.0,1.0,0.0,0.0,,,,1.0,1.0,1.0,1.0,,0.0,17488,2,2785,0.0,succeeded,6,0.6180085030779213,[],False,"[""search_uploaded_documents""]",document_qa,036aa23d-8a65-4d6c-9840-4f74a9507e4d,1
t13,lookup,Does the battery temperature estimation software have to be written in a particular programming language?,regenerate,0,0.0,0.0,0.0,0.0,0.0,0.0,1.0,0.16666666666666666,0.0,1.0,1.0,0,0.0,1.0,0.0,1.0,0,,,1.0,1.0,1.0,1.0,,0.0,27601,3,5307,0.0,succeeded,6,0.6180085030779213,[],False,"[""search_uploaded_documents""]",document_qa,8014b62b-6533-48ca-ae26-11d1cbcb4657,1
t14,lookup,How is the battery warmed when the cabin air conditioning is off in the combined HVAC and battery system?,report,0,0.2,1.0,0.5,1.0,0.16666666666666666,1.0,1.0,0.3333333333333333,1.0,1.0,1.0,0,0.6667,0.3333333333333333,0.0,0.0,,,,1.0,1.0,1.0,1.0,,0.0,38546,2,3085,0.0,succeeded,6,0.676364818052676,[2],False,"[""search_uploaded_documents""]",document_qa,60a909d8-5372-4511-b42b-37cc25283aba,3
t14,lookup,How is the battery warmed when the cabin air conditioning is off in the combined HVAC and battery system?,regenerate,0,0.2,1.0,0.5,1.0,0.16666666666666666,1.0,1.0,0.3333333333333333,1.0,1.0,1.0,0,0.6667,0.3333333333333333,0.0,1.0,0.0,,,1.0,1.0,1.0,1.0,,0.0,47654,3,6248,0.0,succeeded,6,0.676364818052676,[2],False,"[""search_uploaded_documents""]",document_qa,06bcf087-c7cd-4c2e-8023-1acc16cd269e,3
t14,lookup,How is the battery warmed when the cabin air conditioning is off in the combined HVAC and battery system?,off,0,0.2,1.0,0.5,1.0,0.16666666666666666,1.0,1.0,0.3333333333333333,1.0,1.0,1.0,0,,,,,,,,1.0,1.0,1.0,1.0,,0.0,14596,2,3085,0.0,succeeded,6,0.676364818052676,[2],False,"[""search_uploaded_documents""]",document_qa,0a37d09d-4c6b-443c-87b9-039a3cc7cf09,
t15,lookup,When is the traction battery cooled by the radiator without using the chiller?,regenerate,0,0.2,1.0,0.5,1.0,0.16666666666666666,1.0,1.0,0.6666666666666666,1.0,1.0,1.0,0,1.0,0.0,0.0,0.0,,,,1.0,1.0,1.0,1.0,,0.0,34614,2,3284,0.0,succeeded,6,0.6992486298532123,[2],False,"[""search_uploaded_documents""]",document_qa,f7b87af0-9ca2-4047-ad9f-1c7cf7704739,4
t15,lookup,When is the traction battery cooled by the radiator without using the chiller?,off,0,0.2,1.0,0.5,1.0,0.16666666666666666,1.0,1.0,0.6666666666666666,1.0,1.0,1.0,0,,,,,,,,1.0,1.0,1.0,1.0,,0.0,16552,2,3284,0.0,succeeded,6,0.6992486298532123,[2],False,"[""search_uploaded_documents""]",document_qa,244cb82a-5ff7-426f-9f56-90a3818ec4f5,
t15,lookup,When is the traction battery cooled by the radiator without using the chiller?,report,0,0.2,1.0,0.5,1.0,0.16666666666666666,1.0,1.0,0.6666666666666666,1.0,1.0,1.0,0,1.0,0.0,0.0,0.0,,,,1.0,1.0,1.0,1.0,,0.0,20805,2,3284,0.0,succeeded,6,0.6992486298532123,[2],False,"[""search_uploaded_documents""]",document_qa,e1b2acb8-43b5-47df-811c-bb34f43f6867,4
t16,lookup,What is the condenser fan speed command calculated from?,off,0,0.2,1.0,1.0,1.0,0.16666666666666666,1.0,1.0,1.0,0.0,1.0,0.6666666666666666,0,,,,,,,,1.0,1.0,1.0,1.0,,0.0,18389,2,3362,0.0,succeeded,6,0.724639031334044,[1],False,"[""search_uploaded_documents""]",document_qa,96ca41bc-7629-4ba5-88f2-515f8f307de2,
t16,lookup,What is the condenser fan speed command calculated from?,report,0,0.2,1.0,1.0,1.0,0.16666666666666666,1.0,1.0,1.0,0.0,1.0,0.6666666666666666,0,0.8333,0.0,0.3333333333333333,0.0,,,,1.0,1.0,1.0,1.0,,0.0,15505,2,3362,0.0,succeeded,6,0.724639031334044,[1],False,"[""search_uploaded_documents""]",document_qa,67c926c2-6e14-4fef-9088-885b000e20f6,3
t16,lookup,What is the condenser fan speed command calculated from?,regenerate,0,0.2,1.0,1.0,1.0,0.16666666666666666,1.0,1.0,1.0,0.0,1.0,0.6666666666666666,0,0.8333,0.0,0.3333333333333333,0.0,,,,1.0,1.0,1.0,1.0,,0.0,12331,2,3362,0.0,succeeded,6,0.724639031334044,[1],False,"[""search_uploaded_documents""]",document_qa,9819574d-ecd9-424b-a3bb-7d6fab5f3f24,3
t17,lookup,What conditions can cause a battery thermal event in the immersion-cooled traction battery pack?,report,0,0.0,0.0,0.0,0.0,0.0,0.0,1.0,0.6666666666666666,0.0,1.0,1.0,0,0.75,0.0,0.25,0.0,,,,1.0,1.0,1.0,1.0,,0.0,22853,2,2377,0.0,succeeded,6,0.8175534253583383,[],False,"[""search_uploaded_documents""]",document_qa,f24d1d66-62ee-4bc6-8f7b-233eafff3e79,4
t17,lookup,What conditions can cause a battery thermal event in the immersion-cooled traction battery pack?,regenerate,0,0.0,0.0,0.0,0.0,0.0,0.0,1.0,0.6666666666666666,0.0,1.0,1.0,0,0.75,0.0,0.25,0.0,,,,1.0,1.0,1.0,1.0,,0.0,14823,2,2377,0.0,succeeded,6,0.8175534253583383,[],False,"[""search_uploaded_documents""]",document_qa,b80ba405-77bb-49c5-bd02-c27a807aaf68,4
t17,lookup,What conditions can cause a battery thermal event in the immersion-cooled traction battery pack?,off,0,0.0,0.0,0.0,0.0,0.0,0.0,1.0,0.6666666666666666,0.0,1.0,1.0,0,,,,,,,,1.0,1.0,1.0,1.0,,0.0,8998,2,2377,0.0,succeeded,6,0.8175534253583383,[],False,"[""search_uploaded_documents""]",document_qa,9b8259d1-f641-4709-9593-80b5934df18b,
t18,lookup,How does the grouped-cell immersion cooling system stop thermal runaway from spreading to neighbouring cells?,regenerate,0,0.2,1.0,1.0,1.0,0.16666666666666666,1.0,1.0,0.6666666666666666,1.0,1.0,0.8,0,0.8,0.0,0.4,0.0,,,,1.0,1.0,1.0,1.0,,0.0,26336,2,2832,0.0,succeeded,6,0.7655286332649821,[1],False,"[""search_uploaded_documents""]",document_qa,07177ddd-ae30-486f-8e71-60923d7175f2,5
t18,lookup,How does the grouped-cell immersion cooling system stop thermal runaway from spreading to neighbouring cells?,off,0,0.2,1.0,1.0,1.0,0.16666666666666666,1.0,1.0,0.6666666666666666,1.0,1.0,0.8,0,,,,,,,,1.0,1.0,1.0,1.0,,0.0,11173,2,2832,0.0,succeeded,6,0.7655286332649821,[1],False,"[""search_uploaded_documents""]",document_qa,8d19506d-3570-4b8b-9235-c9f0627b8b01,
t18,lookup,How does the grouped-cell immersion cooling system stop thermal runaway from spreading to neighbouring cells?,report,0,0.2,1.0,1.0,1.0,0.16666666666666666,1.0,1.0,0.6666666666666666,1.0,1.0,0.8,0,0.8,0.0,0.4,0.0,,,,1.0,1.0,1.0,1.0,,0.0,16001,2,2832,0.0,succeeded,6,0.7655286332649821,[1],False,"[""search_uploaded_documents""]",document_qa,dfce9d17-cc9e-4843-972f-fcc4713ab059,5
t19,lookup,Where are the heating element and the cooling element placed inside the sealed battery container?,off,0,0.2,1.0,1.0,1.0,0.16666666666666666,1.0,1.0,0.6666666666666666,1.0,1.0,1.0,0,,,,,,,,1.0,1.0,1.0,1.0,,0.0,13971,2,2908,0.0,succeeded,6,0.7034149942746875,[1],False,"[""search_uploaded_documents""]",document_qa,bca7d800-71f2-49e2-9ad3-474b1942bf39,
t19,lookup,Where are the heating element and the cooling element placed inside the sealed battery container?,report,0,0.2,1.0,1.0,1.0,0.16666666666666666,1.0,1.0,0.6666666666666666,1.0,1.0,1.0,0,0.5,0.0,1.0,0.0,,,,1.0,1.0,1.0,1.0,,0.0,12279,2,2908,0.0,succeeded,6,0.7034149942746875,[1],False,"[""search_uploaded_documents""]",document_qa,ec6b516f-f906-4841-aa01-8bbb9faa441e,1
t19,lookup,Where are the heating element and the cooling element placed inside the sealed battery container?,regenerate,0,0.2,1.0,1.0,1.0,0.16666666666666666,1.0,1.0,0.6666666666666666,1.0,1.0,1.0,0,0.5,0.0,1.0,0.0,,,,1.0,1.0,1.0,1.0,,0.0,10257,2,2908,0.0,succeeded,6,0.7034149942746875,[1],False,"[""search_uploaded_documents""]",document_qa,34f86515-a62e-4a6e-baf9-f8b56708d2a2,1
t20,lookup,What kind of device is used as the cooling element in the sealed liquid-cooled battery container?,report,0,0.2,1.0,0.5,1.0,0.16666666666666666,1.0,1.0,0.6666666666666666,1.0,1.0,1.0,0,0.0,1.0,0.0,0.0,,,,1.0,1.0,1.0,1.0,,0.0,26320,2,2965,0.0,succeeded,6,0.7271711988943114,[2],False,"[""search_uploaded_documents""]",document_qa,f64833fa-4eba-4201-bb30-d4bbb3d10e63,1
t20,lookup,What kind of device is used as the cooling element in the sealed liquid-cooled battery container?,regenerate,0,0.2,1.0,0.5,1.0,0.16666666666666666,1.0,1.0,0.6666666666666666,1.0,1.0,1.0,0,0.0,1.0,0.0,1.0,0,,,1.0,1.0,1.0,1.0,,0.0,31060,3,5729,0.0,succeeded,6,0.7271711988943114,[2],False,"[""search_uploaded_documents""]",document_qa,8f419760-5c20-4f79-9c2e-178daecfdf0a,1
t20,lookup,What kind of device is used as the cooling element in the sealed liquid-cooled battery container?,off,0,0.2,1.0,0.5,1.0,0.16666666666666666,1.0,1.0,0.6666666666666666,1.0,1.0,1.0,0,,,,,,,,1.0,1.0,1.0,1.0,,0.0,5739,2,2965,0.0,succeeded,6,0.7271711988943114,[2],False,"[""search_uploaded_documents""]",document_qa,db344e1f-42e3-4c61-ac12-bbce07eb52cd,
t21,lookup,Which electronic components is the immersion cooling module with an integrated pump designed to cool?,regenerate,0,0.0,0.0,0.0,0.0,0.0,0.0,1.0,1.0,1.0,1.0,1.0,0,1.0,0.0,0.0,0.0,,,,1.0,1.0,1.0,1.0,,0.0,32796,2,2898,0.0,succeeded,6,0.7545490118592402,[],False,"[""search_uploaded_documents""]",document_qa,dbf3e03e-d54a-4b0e-b107-e3336fddce26,3
t21,lookup,Which electronic components is the immersion cooling module with an integrated pump designed to cool?,off,0,0.0,0.0,0.0,0.0,0.0,0.0,1.0,1.0,1.0,1.0,1.0,0,,,,,,,,1.0,1.0,1.0,1.0,,0.0,8748,2,2898,0.0,succeeded,6,0.7545490118592402,[],False,"[""search_uploaded_documents""]",document_qa,4bc01196-42c5-4261-a7bc-03a697faf739,
t21,lookup,Which electronic components is the immersion cooling module with an integrated pump designed to cool?,report,0,0.0,0.0,0.0,0.0,0.0,0.0,1.0,1.0,1.0,1.0,1.0,0,1.0,0.0,0.0,0.0,,,,1.0,1.0,1.0,1.0,,0.0,10216,2,2898,0.0,succeeded,6,0.7545490118592402,[],False,"[""search_uploaded_documents""]",document_qa,65d858a5-3538-4494-8f45-2b75902be950,3
t22,lookup,Where can the fluid leaving one chip cooling module be sent next?,off,0,0.0,0.0,0.0,0.0,0.0,0.0,1.0,0.8333333333333334,1.0,1.0,0.6666666666666666,0,,,,,,,,1.0,1.0,1.0,1.0,,0.0,17293,2,3376,0.0,succeeded,6,0.6650722622871447,[],False,"[""search_uploaded_documents""]",document_qa,add9477f-7139-4e57-9338-87a5778cee24,
t22,lookup,Where can the fluid leaving one chip cooling module be sent next?,report,0,0.0,0.0,0.0,0.0,0.0,0.0,1.0,0.8333333333333334,1.0,1.0,0.6666666666666666,0,0.6667,0.3333333333333333,0.0,0.0,,,,1.0,1.0,1.0,1.0,,0.0,10795,2,3376,0.0,succeeded,6,0.6650722622871447,[],False,"[""search_uploaded_documents""]",document_qa,856121ff-0a10-49c2-bbba-ee81197799ac,3
t22,lookup,Where can the fluid leaving one chip cooling module be sent next?,regenerate,0,0.0,0.0,0.0,0.0,0.0,0.0,1.0,0.8571428571428571,1.0,1.0,1.0,0,0.75,0.0,0.0,1.0,0.08330000000000004,,,1.0,1.0,1.0,1.0,,0.0,31184,3,7045,0.0,succeeded,7,0.6869101897585166,[],False,"[""search_uploaded_documents""]",document_qa,eaee6009-d411-4a83-8c4e-7554f82802c2,2
m01,multi_passage,"How does the charger with a separate sensing coil measure the Q factor, and when does it take that measurement?",report,0,0.0,0.0,0.0,0.0,0.0,0.0,1.0,0.5,0.5,1.0,0.6666666666666666,0,0.3333,0.3333333333333333,0.0,0.0,,,,1.0,1.0,1.0,1.0,,0.0,24608,2,3208,0.0,succeeded,6,0.6659561395645142,[],False,"[""search_uploaded_documents""]",document_qa,5ecc3148-4159-4515-a8be-4f52a5317435,3
m01,multi_passage,"How does the charger with a separate sensing coil measure the Q factor, and when does it take that measurement?",regenerate,0,0.0,0.0,0.0,0.0,0.0,0.0,1.0,0.5,0.5,1.0,1.0,0,0.75,0.0,0.0,1.0,0.4167,,,1.0,1.0,1.0,1.0,,0.0,32732,3,6135,0.0,succeeded,6,0.6659561395645142,[],False,"[""search_uploaded_documents""]",document_qa,2879873d-5ff6-4bdb-93b5-9f59fff16189,2
m01,multi_passage,"How does the charger with a separate sensing coil measure the Q factor, and when does it take that measurement?",off,0,0.0,0.0,0.0,0.0,0.0,0.0,1.0,0.5,0.5,1.0,0.6666666666666666,0,,,,,,,,1.0,1.0,1.0,1.0,,0.0,10543,2,3208,0.0,succeeded,6,0.6659561395645142,[],False,"[""search_uploaded_documents""]",document_qa,c1a9bced-6f79-43b9-952e-0e25f7632f24,
m02,multi_passage,"What sensor data feeds the battery temperature estimate, and how does the Kalman gain weight the prediction?",regenerate,0,0.4,0.5,1.0,1.0,0.3333333333333333,0.5,1.0,0.8333333333333334,1.0,1.0,1.0,0,1.0,0.0,0.0,0.0,,,,1.0,1.0,1.0,1.0,,0.0,23038,2,2635,0.0,succeeded,6,0.6936001984357896,"[1, 5]",False,"[""search_uploaded_documents""]",document_qa,973f999e-46a0-4d40-b2b0-b7d7d70648ca,3
m02,multi_passage,"What sensor data feeds the battery temperature estimate, and how does the Kalman gain weight the prediction?",off,0,0.4,0.5,1.0,1.0,0.3333333333333333,0.5,1.0,0.8333333333333334,1.0,1.0,1.0,0,,,,,,,,1.0,1.0,1.0,1.0,,0.0,11375,2,2635,0.0,succeeded,6,0.6936001984357896,"[1, 5]",False,"[""search_uploaded_documents""]",document_qa,cf952910-5e50-466b-8568-9e9db3ee9681,
m02,multi_passage,"What sensor data feeds the battery temperature estimate, and how does the Kalman gain weight the prediction?",report,0,0.4,0.5,1.0,1.0,0.3333333333333333,0.5,1.0,0.8333333333333334,1.0,1.0,1.0,0,1.0,0.0,0.0,0.0,,,,1.0,1.0,1.0,1.0,,0.0,12389,2,2635,0.0,succeeded,6,0.6936001984357896,"[1, 5]",False,"[""search_uploaded_documents""]",document_qa,8bace76c-02e8-4d5d-bc58-59fe4a53ee51,3
m03,multi_passage,Which measurements are used to control the electronic expansion valve and to compute the compressor speed command?,off,0,0.0,0.0,0.0,0.0,0.0,0.0,1.0,1.0,1.0,1.0,1.0,1,,,,,,,,1.0,1.0,1.0,1.0,,0.0,19880,2,3177,0.0,succeeded,6,0.6618088483810425,[],False,"[""search_uploaded_documents""]",document_qa,94658dad-3c1c-4d68-a36e-38917e27b35f,
m03,multi_passage,Which measurements are used to control the electronic expansion valve and to compute the compressor speed command?,report,0,0.0,0.0,0.0,0.0,0.0,0.0,1.0,1.0,1.0,1.0,1.0,1,0.75,0.0,0.0,0.0,,,,1.0,1.0,1.0,1.0,,0.0,21617,2,3177,0.0,succeeded,6,0.6618088483810425,[],False,"[""search_uploaded_documents""]",document_qa,1192de96-1fd7-4fe4-ac73-8cce2ff5e5ef,4
m03,multi_passage,Which measurements are used to control the electronic expansion valve and to compute the compressor speed command?,regenerate,0,0.0,0.0,0.0,0.0,0.0,0.0,1.0,1.0,1.0,1.0,1.0,1,0.75,0.0,0.0,0.0,,,,1.0,1.0,1.0,1.0,,0.0,15945,2,3177,0.0,succeeded,6,0.6618088483810425,[],False,"[""search_uploaded_documents""]",document_qa,9c4aea8c-c37e-449e-9950-82533a87efab,4
m04,multi_passage,"How does the immersion cooling system control the coolant flow to each battery module, and which sensors support that?",report,0,0.0,0.0,0.0,0.0,0.0,0.0,1.0,0.3333333333333333,1.0,1.0,0.6,0,0.7,0.2,0.2,0.0,,,,1.0,1.0,1.0,1.0,,0.0,28953,2,3257,0.0,succeeded,6,0.7275299321061507,[],False,"[""search_uploaded_documents""]",document_qa,0ae1c281-03e0-4ab6-bb2a-7b1ae449542d,5
m04,multi_passage,"How does the immersion cooling system control the coolant flow to each battery module, and which sensors support that?",regenerate,0,0.0,0.0,0.0,0.0,0.0,0.0,1.0,0.42857142857142855,1.0,1.0,1.0,0,1.0,0.0,0.0,1.0,0.30000000000000004,,,1.0,1.0,1.0,1.0,,0.0,45109,3,6838,0.0,succeeded,7,0.7754207119596442,[],False,"[""search_uploaded_documents""]",document_qa,1bb5817b-40c5-4eb1-9609-ae6171aed5b4,7
m04,multi_passage,"How does the immersion cooling system control the coolant flow to each battery module, and which sensors support that?",off,0,0.0,0.0,0.0,0.0,0.0,0.0,1.0,0.3333333333333333,1.0,1.0,0.6,0,,,,,,,,1.0,1.0,1.0,1.0,,0.0,13993,2,3257,0.0,succeeded,6,0.7275299321061507,[],False,"[""search_uploaded_documents""]",document_qa,c88d2388-d6bd-43d2-bbc3-dd4a37da721b,
m05,multi_passage,"Why does the off-board charging system care about the coolant volume next to the battery pack, and what limits how fast coolant can flow?",regenerate,0,0.0,0.0,0.0,0.0,0.0,0.0,1.0,0.6666666666666666,0.0,1.0,1.0,0,0.0,1.0,0.0,1.0,0,,,1.0,1.0,1.0,1.0,,0.0,63738,3,6985,0.0,succeeded,9,0.7833244591967252,[],False,"[""search_uploaded_documents""]",document_qa,68401884-8760-4225-8fe7-edda8f9f52b6,2
m05,multi_passage,"Why does the off-board charging system care about the coolant volume next to the battery pack, and what limits how fast coolant can flow?",off,0,0.0,0.0,0.0,0.0,0.0,0.0,1.0,0.8333333333333334,1.0,1.0,0.5,0,,,,,,,,1.0,1.0,1.0,1.0,,0.0,15938,2,3098,0.0,succeeded,6,0.731257113068448,[],False,"[""search_uploaded_documents""]",document_qa,3932b49e-790b-4108-b0f0-43d89a0ac7d6,
m05,multi_passage,"Why does the off-board charging system care about the coolant volume next to the battery pack, and what limits how fast coolant can flow?",report,0,0.0,0.0,0.0,0.0,0.0,0.0,1.0,0.8333333333333334,1.0,1.0,0.5,0,0.0,1.0,0.0,0.0,,,,1.0,1.0,1.0,1.0,,0.0,17081,2,3098,0.0,succeeded,6,0.731257113068448,[],False,"[""search_uploaded_documents""]",document_qa,05b3e699-d257-4c60-913e-cec5e47bee2c,4
c01,claim_explanation,Where is the sensing coil located according to claim 2?,off,0,0.2,1.0,1.0,1.0,0.14285714285714285,1.0,1.0,1.0,1.0,1.0,1.0,0,,,,,,,,1.0,1.0,1.0,1.0,,0.0,14553,2,2032,0.0,succeeded,7,0.6296377623513029,[1],False,"[""retrieve_document_section"", ""retrieve_evidence""]",document_qa,5ee1e0ee-be7d-4969-8694-65d1d9f08e33,
c01,claim_explanation,Where is the sensing coil located according to claim 2?,report,0,0.2,1.0,1.0,1.0,0.14285714285714285,1.0,1.0,1.0,1.0,1.0,1.0,0,0.5,0.5,0.0,0.0,,,,1.0,1.0,1.0,1.0,,0.0,9501,2,2032,0.0,succeeded,7,0.6296377623513029,[1],False,"[""retrieve_document_section"", ""retrieve_evidence""]",document_qa,4c14b952-206a-402a-ba16-7f8593b0ea09,2
c01,claim_explanation,Where is the sensing coil located according to claim 2?,regenerate,0,0.2,1.0,1.0,1.0,0.1111111111111111,1.0,1.0,1.0,1.0,1.0,1.0,0,0.75,0.0,0.5,1.0,0.25,,,1.0,1.0,1.0,1.0,,0.0,23159,3,4219,0.0,succeeded,9,0.7593745876104185,[1],False,"[""retrieve_document_section"", ""retrieve_evidence""]",document_qa,e5dc4350-5cb0-498a-896f-1a8bd0a38eb1,2
c02,claim_explanation,What does claim 4 add to the control circuitry?,report,0,0.2,1.0,1.0,1.0,0.16666666666666666,1.0,1.0,1.0,1.0,1.0,1.0,0,0.5,0.4,0.0,0.0,,,,1.0,1.0,1.0,1.0,,0.0,27786,2,2449,0.0,succeeded,6,0.5287699384230421,[1],False,"[""retrieve_document_section"", ""retrieve_evidence""]",document_qa,21100729-ddc2-40cd-8ba3-a162a266a7fd,5
c02,claim_explanation,What does claim 4 add to the control circuitry?,regenerate,0,0.2,1.0,1.0,1.0,0.16666666666666666,1.0,1.0,1.0,1.0,1.0,1.0,0,0.5,0.4,0.0,1.0,0.0,,,1.0,1.0,1.0,1.0,,0.0,36617,3,5178,0.0,succeeded,6,0.5287699384230421,[1],False,"[""retrieve_document_section"", ""retrieve_evidence""]",document_qa,3627cc36-bf8d-4c92-8a2a-14174af37f46,5
c02,claim_explanation,What does claim 4 add to the control circuitry?,off,0,0.2,1.0,1.0,1.0,0.16666666666666666,1.0,1.0,1.0,1.0,1.0,1.0,0,,,,,,,,1.0,1.0,1.0,1.0,,0.0,11061,2,2449,0.0,succeeded,6,0.5287699384230421,[1],False,"[""retrieve_document_section"", ""retrieve_evidence""]",document_qa,96fc29a9-a997-4c0c-9f12-23a46d25f4ab,
c03,claim_explanation,"Under claim 3, what happens when the probability value is below the threshold?",regenerate,0,0.2,1.0,1.0,1.0,0.16666666666666666,1.0,1.0,1.0,1.0,1.0,1.0,0,1.0,0.0,0.0,0.0,,,,1.0,1.0,1.0,1.0,,0.0,16584,2,2010,0.0,succeeded,6,0.5308276974168222,[1],False,"[""retrieve_document_section"", ""retrieve_evidence""]",document_qa,8c6af95d-8fce-4627-b8cd-16c33b4be090,3
c03,claim_explanation,"Under claim 3, what happens when the probability value is below the threshold?",off,0,0.2,1.0,1.0,1.0,0.16666666666666666,1.0,1.0,1.0,1.0,1.0,1.0,0,,,,,,,,1.0,1.0,1.0,1.0,,0.0,6075,2,2010,0.0,succeeded,6,0.5308276974168222,[1],False,"[""retrieve_document_section"", ""retrieve_evidence""]",document_qa,bb083fcf-bffe-49ba-9e3b-f36f4bd128f6,
c03,claim_explanation,"Under claim 3, what happens when the probability value is below the threshold?",report,0,0.2,1.0,1.0,1.0,0.16666666666666666,1.0,1.0,1.0,1.0,1.0,1.0,0,1.0,0.0,0.0,0.0,,,,1.0,1.0,1.0,1.0,,0.0,7960,2,2010,0.0,succeeded,6,0.5308276974168222,[1],False,"[""retrieve_document_section"", ""retrieve_evidence""]",document_qa,392c53b5-d90e-4922-85b0-fea7bd42dc52,3
c04,claim_explanation,Which additional component does claim 8 add to the immersion cooling system?,off,0,0.2,1.0,1.0,1.0,0.16666666666666666,1.0,1.0,1.0,1.0,1.0,1.0,0,,,,,,,,1.0,1.0,1.0,1.0,,0.0,11251,2,2373,0.0,succeeded,6,0.5841507711051056,[1],False,"[""retrieve_document_section"", ""retrieve_evidence""]",document_qa,bfe5ed62-68db-4fef-a530-b615ea037d86,
c04,claim_explanation,Which additional component does claim 8 add to the immersion cooling system?,report,0,0.2,1.0,1.0,1.0,0.16666666666666666,1.0,1.0,1.0,1.0,1.0,1.0,0,1.0,0.0,0.0,0.0,,,,1.0,1.0,1.0,1.0,,0.0,3774,2,2373,0.0,succeeded,6,0.5841507711051056,[1],False,"[""retrieve_document_section"", ""retrieve_evidence""]",document_qa,b3f84e66-c40a-4ad0-9390-612183856b39,1
c04,claim_explanation,Which additional component does claim 8 add to the immersion cooling system?,regenerate,0,0.2,1.0,1.0,1.0,0.16666666666666666,1.0,1.0,1.0,1.0,1.0,1.0,0,1.0,0.0,0.0,0.0,,,,1.0,1.0,1.0,1.0,,0.0,2878,2,2373,0.0,succeeded,6,0.5841507711051056,[1],False,"[""retrieve_document_section"", ""retrieve_evidence""]",document_qa,daf93653-060c-4ad2-b5a8-185eaddd67d9,1
c05,claim_explanation,What are the dividers made of according to claim 3?,report,0,0.2,1.0,1.0,1.0,0.16666666666666666,1.0,1.0,1.0,1.0,1.0,1.0,0,1.0,0.0,0.0,0.0,,,,1.0,1.0,1.0,1.0,,0.0,14273,2,2212,0.0,succeeded,6,0.5762417316436768,[1],False,"[""retrieve_document_section"", ""retrieve_evidence""]",document_qa,0d90182a-e882-475f-9185-79a04f53f25a,1
c05,claim_explanation,What are the dividers made of according to claim 3?,regenerate,0,0.2,1.0,1.0,1.0,0.16666666666666666,1.0,1.0,1.0,1.0,1.0,1.0,0,1.0,0.0,0.0,0.0,,,,1.0,1.0,1.0,1.0,,0.0,7744,2,2212,0.0,succeeded,6,0.5762417316436768,[1],False,"[""retrieve_document_section"", ""retrieve_evidence""]",document_qa,555f7e77-0645-4f2f-8652-a15b87c24535,1
c05,claim_explanation,What are the dividers made of according to claim 3?,off,0,0.2,1.0,1.0,1.0,0.16666666666666666,1.0,1.0,1.0,1.0,1.0,1.0,0,,,,,,,,1.0,1.0,1.0,1.0,,0.0,3443,2,2212,0.0,succeeded,6,0.5762417316436768,[1],False,"[""retrieve_document_section"", ""retrieve_evidence""]",document_qa,35cc7c9d-942e-4616-af5b-b596a7a608f9,
c06,claim_explanation,Which temperature does claim 3 use as the temperature parameter?,regenerate,0,0.2,1.0,1.0,1.0,0.16666666666666666,1.0,1.0,1.0,1.0,1.0,1.0,0,1.0,0.0,0.0,0.0,,,,1.0,1.0,1.0,1.0,,0.0,9112,2,1797,0.0,succeeded,6,0.5681230344625711,[1],False,"[""retrieve_document_section"", ""retrieve_evidence""]",document_qa,c2426817-6fc1-4efc-a752-b9f2724d8e6d,1
c06,claim_explanation,Which temperature does claim 3 use as the temperature parameter?,off,0,0.2,1.0,1.0,1.0,0.16666666666666666,1.0,1.0,1.0,1.0,1.0,1.0,0,,,,,,,,1.0,1.0,1.0,1.0,,0.0,3042,2,1797,0.0,succeeded,6,0.5681230344625711,[1],False,"[""retrieve_document_section"", ""retrieve_evidence""]",document_qa,2da12b3a-b898-4a97-9aab-a0f02658dc7a,
c06,claim_explanation,Which temperature does claim 3 use as the temperature parameter?,report,0,0.2,1.0,1.0,1.0,0.16666666666666666,1.0,1.0,1.0,1.0,1.0,1.0,0,1.0,0.0,0.0,0.0,,,,1.0,1.0,1.0,1.0,,0.0,2969,2,1797,0.0,succeeded,6,0.5681230344625711,[1],False,"[""retrieve_document_section"", ""retrieve_evidence""]",document_qa,d47f670e-7813-452c-9987-af5850794558,1
c07,claim_explanation,"According to claim 7, where can the fluid collection manifold draw immersion fluid from?",off,0,0.2,1.0,1.0,1.0,0.14285714285714285,1.0,1.0,1.0,1.0,1.0,1.0,0,,,,,,,,1.0,1.0,1.0,1.0,,0.0,15012,2,3257,0.0,succeeded,7,0.6665275692815422,[1],False,"[""retrieve_document_section"", ""retrieve_evidence""]",document_qa,67c902c4-03c7-40fa-84db-0e73f8d13311,
c07,claim_explanation,"According to claim 7, where can the fluid collection manifold draw immersion fluid from?",report,0,0.2,1.0,1.0,1.0,0.14285714285714285,1.0,1.0,1.0,1.0,1.0,1.0,0,1.0,0.0,0.0,0.0,,,,1.0,1.0,1.0,1.0,,0.0,4360,2,3257,0.0,succeeded,7,0.6665275692815422,[1],False,"[""retrieve_document_section"", ""retrieve_evidence""]",document_qa,b2dffa37-0c7c-4756-a3e0-5267e891baea,1
c07,claim_explanation,"According to claim 7, where can the fluid collection manifold draw immersion fluid from?",regenerate,0,0.2,1.0,1.0,1.0,0.14285714285714285,1.0,1.0,1.0,1.0,1.0,1.0,0,1.0,0.0,0.0,0.0,,,,1.0,1.0,1.0,1.0,,0.0,4110,2,3257,0.0,succeeded,7,0.6665275692815422,[1],False,"[""retrieve_document_section"", ""retrieve_evidence""]",document_qa,522983ec-89fc-4608-bb2f-255c6a22cd61,1
c08,claim_explanation,What does claim 2 specify about the pumps?,report,0,0.2,1.0,1.0,1.0,0.16666666666666666,1.0,1.0,1.0,1.0,1.0,1.0,0,1.0,0.0,0.0,0.0,,,,1.0,1.0,1.0,1.0,,0.0,12848,2,2193,0.0,succeeded,6,0.4856246565096203,[1],False,"[""retrieve_document_section"", ""retrieve_evidence""]",document_qa,65310ae4-887b-49f7-8c38-561958c3143a,1
c08,claim_explanation,What does claim 2 specify about the pumps?,regenerate,0,0.2,1.0,1.0,1.0,0.16666666666666666,1.0,1.0,1.0,1.0,1.0,1.0,0,1.0,0.0,0.0,0.0,,,,1.0,1.0,1.0,1.0,,0.0,7766,2,2193,0.0,succeeded,6,0.4856246565096203,[1],False,"[""retrieve_document_section"", ""retrieve_evidence""]",document_qa,58d42bd5-1b96-4827-a29d-e2108181c6de,1
c08,claim_explanation,What does claim 2 specify about the pumps?,off,0,0.2,1.0,1.0,1.0,0.16666666666666666,1.0,1.0,1.0,1.0,1.0,1.0,0,,,,,,,,1.0,1.0,1.0,1.0,,0.0,4905,2,2193,0.0,succeeded,6,0.4856246565096203,[1],False,"[""retrieve_document_section"", ""retrieve_evidence""]",document_qa,593065dc-1731-4fcb-962c-bf145d6281ea,
n01,patent_lookup,What type of pump does claim 2 of US12563707B2 specify?,regenerate,0,0.2,1.0,1.0,1.0,0.16666666666666666,1.0,1.0,1.0,1.0,1.0,1.0,0,0.6667,0.3333333333333333,0.0,1.0,0.16669999999999996,,,0.0,1.0,1.0,1.0,,0.0,45031,3,5307,0.0,succeeded,6,0.5398746293745826,[1],False,"[""retrieve_document_section"", ""retrieve_evidence""]",document_qa,fb915b8f-9b7c-4319-90f0-5e24a2d4ee8b,3
n01,patent_lookup,What type of pump does claim 2 of US12563707B2 specify?,off,0,0.2,1.0,1.0,1.0,0.16666666666666666,1.0,1.0,1.0,1.0,1.0,1.0,0,,,,,,,,0.0,1.0,1.0,1.0,,0.0,8821,2,2758,0.0,succeeded,6,0.5398746293745826,[1],False,"[""retrieve_document_section"", ""retrieve_evidence""]",document_qa,5e4f0aa2-d0b9-4be6-9688-949afc8aa17e,
n01,patent_lookup,What type of pump does claim 2 of US12563707B2 specify?,report,0,0.2,1.0,1.0,1.0,0.16666666666666666,1.0,1.0,1.0,1.0,1.0,1.0,0,0.5,0.5,0.0,0.0,,,,0.0,1.0,1.0,1.0,,0.0,11740,2,2758,0.0,succeeded,6,0.5398746293745826,[1],False,"[""retrieve_document_section"", ""retrieve_evidence""]",document_qa,9b3b8ca4-c138-4220-a0ab-580b4062d529,2
n02,patent_lookup,What problem does US20230369708A1 address?,off,0,0.0,0.0,0.0,0.0,0.0,0.0,1.0,1.0,0.0,1.0,0.5,0,,,,,,,,1.0,1.0,1.0,1.0,,0.0,13381,2,2225,0.0,succeeded,6,0.5948455575200594,[],False,"[""retrieve_evidence""]",patent_lookup,5e049cdc-042a-4f2a-9a9b-2644a06707aa,
n02,patent_lookup,What problem does US20230369708A1 address?,report,0,0.0,0.0,0.0,0.0,0.0,0.0,1.0,1.0,0.0,1.0,0.5,0,0.25,0.5,0.0,0.0,,,,1.0,1.0,1.0,1.0,,0.0,13803,2,2225,0.0,succeeded,6,0.5948455575200594,[],False,"[""retrieve_evidence""]",patent_lookup,9ede85b1-4514-44aa-8fa7-2dc71a10223c,2
n02,patent_lookup,What problem does US20230369708A1 address?,regenerate,0,0.0,0.0,0.14285714285714285,0.0,0.25,1.0,1.0,1.0,1.0,1.0,1.0,0,0.625,0.25,0.0,1.0,0.375,,,1.0,1.0,1.0,1.0,,0.0,30631,3,4887,0.0,succeeded,8,0.7361536998703002,"[7, 8]",False,"[""retrieve_evidence""]",patent_lookup,c843ffcf-f6f0-4fff-9180-66ebc9cb39fe,4
n03,patent_lookup,Summarize claim 1 of US20090249807A1.,report,0,0.2,1.0,1.0,1.0,0.14285714285714285,1.0,1.0,1.0,1.0,1.0,0.5,0,0.75,0.0,0.5,0.0,,,,0.0,1.0,1.0,1.0,,0.0,16556,2,1274,0.0,succeeded,7,0.5268861933418406,[1],False,"[""retrieve_document_section"", ""retrieve_evidence""]",document_qa,cba33e86-ca8a-4ab9-86b5-d55371009125,4
n03,patent_lookup,Summarize claim 1 of US20090249807A1.,regenerate,0,0.2,1.0,1.0,1.0,0.14285714285714285,1.0,1.0,1.0,1.0,1.0,0.5,0,0.75,0.0,0.5,0.0,,,,0.0,1.0,1.0,1.0,,0.0,11346,2,1274,0.0,succeeded,7,0.5268861933418406,[1],False,"[""retrieve_document_section"", ""retrieve_evidence""]",document_qa,8ad05dca-86af-4332-929e-55a29047de63,4
n03,patent_lookup,Summarize claim 1 of US20090249807A1.,off,0,0.2,1.0,1.0,1.0,0.14285714285714285,1.0,1.0,1.0,1.0,1.0,0.5,0,,,,,,,,0.0,1.0,1.0,1.0,,0.0,9264,2,1274,0.0,succeeded,7,0.5268861933418406,[1],False,"[""retrieve_document_section"", ""retrieve_evidence""]",document_qa,e6e0ff13-5c2e-4e14-85c8-47718a7c7570,
n04,patent_lookup,What does claim 1 of US20190315232A1 require the processor to estimate?,regenerate,0,0.2,1.0,1.0,1.0,0.16666666666666666,1.0,1.0,1.0,1.0,1.0,1.0,0,1.0,0.0,0.0,0.0,,,,0.0,1.0,1.0,1.0,,0.0,15306,2,2071,0.0,succeeded,6,0.5855185491464834,[1],False,"[""retrieve_document_section"", ""retrieve_evidence""]",document_qa,0fc3818e-30b3-4f47-9f2e-9090df6a5cb2,1
n04,patent_lookup,What does claim 1 of US20190315232A1 require the processor to estimate?,off,0,0.2,1.0,1.0,1.0,0.16666666666666666,1.0,1.0,1.0,1.0,1.0,1.0,0,,,,,,,,0.0,1.0,1.0,1.0,,0.0,5060,2,2071,0.0,succeeded,6,0.5855185491464834,[1],False,"[""retrieve_document_section"", ""retrieve_evidence""]",document_qa,d82d8443-01a2-4ac6-b834-9c382742f377,
n04,patent_lookup,What does claim 1 of US20190315232A1 require the processor to estimate?,report,0,0.2,1.0,1.0,1.0,0.16666666666666666,1.0,1.0,1.0,1.0,1.0,1.0,0,1.0,0.0,0.0,0.0,,,,0.0,1.0,1.0,1.0,,0.0,8096,2,2071,0.0,succeeded,6,0.5855185491464834,[1],False,"[""retrieve_document_section"", ""retrieve_evidence""]",document_qa,d83ff369-a6c1-4f37-b7fa-70492a5ea536,1
x01,comparison,Compare how these two patents use additional coils besides the power transmitting coil.,off,0,0.2,0.5,0.2,1.0,0.1111111111111111,0.5,1.0,1.0,,1.0,1.0,0,,,,,,1.0,0,1.0,1.0,1.0,1.0,,0.0,31765,2,3273,0.0,succeeded,9,,[5],False,"[""compare_patents""]",compare,2db34f82-c1e0-478a-9d4d-12c82db84043,
x01,comparison,Compare how these two patents use additional coils besides the power transmitting coil.,report,0,0.2,0.5,0.2,1.0,0.1111111111111111,0.5,1.0,1.0,,1.0,1.0,0,0.9167,0.08333333333333333,0.0,0.0,,1.0,0,1.0,1.0,1.0,1.0,,0.0,35915,2,3273,0.0,succeeded,9,,[5],False,"[""compare_patents""]",compare,2ba37a7d-0438-4464-aaa0-752ff079bafc,12
x01,comparison,Compare how these two patents use additional coils besides the power transmitting coil.,regenerate,0,0.2,0.5,0.2,1.0,0.1111111111111111,0.5,1.0,1.0,,1.0,1.0,0,0.9167,0.08333333333333333,0.0,0.0,,1.0,0,1.0,1.0,1.0,1.0,,0.0,31669,2,3273,0.0,succeeded,9,,[5],False,"[""compare_patents""]",compare,993fa1d4-cae6-4468-b998-3256094d6e25,12
x02,comparison,Compare where the battery cooling comes from in these two documents.,report,0,0.2,0.5,1.0,1.0,0.2222222222222222,1.0,1.0,1.0,,1.0,1.0,0,1.0,0.0,0.0,0.0,,1.0,0,1.0,1.0,1.0,1.0,,0.0,39742,2,3458,0.0,succeeded,9,,"[1, 6]",False,"[""compare_patents""]",compare,ff236678-5079-4842-93bd-3ec7d063c4bb,12
x02,comparison,Compare where the battery cooling comes from in these two documents.,regenerate,0,0.2,0.5,1.0,1.0,0.2222222222222222,1.0,1.0,1.0,,1.0,1.0,0,1.0,0.0,0.0,0.0,,1.0,0,1.0,1.0,1.0,1.0,,0.0,26394,2,3458,0.0,succeeded,9,,"[1, 6]",False,"[""compare_patents""]",compare,94d8a8ee-f603-4980-a1d8-4a22920810a1,12
x02,comparison,Compare where the battery cooling comes from in these two documents.,off,0,0.2,0.5,1.0,1.0,0.2222222222222222,1.0,1.0,1.0,,1.0,1.0,0,,,,,,1.0,0,1.0,1.0,1.0,1.0,,0.0,23220,2,3458,0.0,succeeded,9,,"[1, 6]",False,"[""compare_patents""]",compare,e5256f5c-7551-485d-a483-86f6727b4912,
x03,comparison,What are the technical differences between these two immersion-cooled battery designs?,regenerate,0,0.2,0.5,0.3333333333333333,1.0,0.2222222222222222,1.0,1.0,1.0,,1.0,1.0,0,0.9167,0.0,0.08333333333333333,0.0,,1.0,0,1.0,1.0,1.0,1.0,,0.0,46823,2,3405,0.0,succeeded,9,,"[3, 9]",False,"[""compare_patents""]",compare,9dbdfdc6-eed7-4613-be15-93343509af51,12
x03,comparison,What are the technical differences between these two immersion-cooled battery designs?,off,0,0.2,0.5,0.3333333333333333,1.0,0.2222222222222222,1.0,1.0,1.0,,1.0,1.0,0,,,,,,1.0,0,1.0,1.0,1.0,1.0,,0.0,29960,2,3405,0.0,succeeded,9,,"[3, 9]",False,"[""compare_patents""]",compare,9ef6f64a-713e-4fe0-acdf-170af8227c70,
x03,comparison,What are the technical differences between these two immersion-cooled battery designs?,report,0,0.2,0.5,0.3333333333333333,1.0,0.2222222222222222,1.0,1.0,1.0,,1.0,1.0,0,0.9167,0.0,0.08333333333333333,0.0,,1.0,0,1.0,1.0,1.0,1.0,,0.0,37547,2,3405,0.0,succeeded,9,,"[3, 9]",False,"[""compare_patents""]",compare,b4c4e1e2-0d7f-42f9-a9d1-71bc719c8bb9,12
x04,comparison,Compare how these two documents use the resonance of the coil to detect foreign objects.,off,0,0.0,0.0,0.16666666666666666,0.0,0.125,0.5,1.0,1.0,,1.0,1.0,0,,,,,,1.0,0,1.0,1.0,1.0,1.0,,0.0,35077,2,3443,0.0,succeeded,8,,[6],False,"[""compare_patents""]",compare,b9f5f900-ce81-449c-a959-b2a4e1b43508,
x04,comparison,Compare how these two documents use the resonance of the coil to detect foreign objects.,report,0,0.0,0.0,0.16666666666666666,0.0,0.125,0.5,1.0,1.0,,1.0,1.0,0,0.6667,0.25,0.08333333333333333,0.0,,1.0,0,1.0,1.0,1.0,1.0,,0.0,114436,2,3443,0.0,succeeded,8,,[6],False,"[""compare_patents""]",compare,4355b36b-721a-43e9-807b-ce78a1aa9ef0,12
x04,comparison,Compare how these two documents use the resonance of the coil to detect foreign objects.,regenerate,0,0.0,0.0,0.16666666666666666,0.0,0.125,0.5,1.0,1.0,,1.0,1.0,0,0.6667,0.25,0.08333333333333333,0.0,,1.0,0,1.0,1.0,1.0,1.0,,0.0,209716,2,3443,0.0,succeeded,8,,[6],False,"[""compare_patents""]",compare,bedab049-588d-49c4-8571-3ff76a0a6df1,12
x05,comparison,Contrast how these two patents circulate the immersion fluid.,report,0,0.0,0.0,0.0,0.0,0.0,0.0,1.0,1.0,,1.0,1.0,0,0.9,0.0,0.1,0.0,,1.0,0,1.0,1.0,1.0,1.0,,0.0,102752,2,3450,0.0,succeeded,8,,[],False,"[""compare_patents""]",compare,a4e52287-2004-47bc-958a-7ed8cd6f3f74,10
x05,comparison,Contrast how these two patents circulate the immersion fluid.,regenerate,0,0.0,0.0,0.0,0.0,0.0,0.0,1.0,1.0,,1.0,1.0,0,0.9,0.0,0.1,0.0,,1.0,0,1.0,1.0,1.0,1.0,,0.0,50800,2,3450,0.0,succeeded,8,,[],False,"[""compare_patents""]",compare,fb033273-fc3c-452a-aabc-2e063af03446,10
x05,comparison,Contrast how these two patents circulate the immersion fluid.,off,0,0.0,0.0,0.0,0.0,0.0,0.0,1.0,1.0,,1.0,1.0,0,,,,,,1.0,0,1.0,1.0,1.0,1.0,,0.0,28735,2,3450,0.0,succeeded,8,,[],False,"[""compare_patents""]",compare,911da4a1-4eab-4fad-9349-bf3656c438eb,
u01,unanswerable,What is the warranty period of the immersion-cooled traction battery pack with intake runners?,regenerate,0,,,,,,,,,,1.0,,,,,,,,,,1.0,1.0,1.0,1.0,,0.0,11254,2,2233,0.0,insufficient_evidence,6,0.7646689046820675,,True,"[""search_uploaded_documents""]",document_qa,fd1f190b-5089-4e01-8356-eecf1a5c4cf2,
u01,unanswerable,What is the warranty period of the immersion-cooled traction battery pack with intake runners?,off,0,,,,,,,,,,1.0,,,,,,,,,,1.0,1.0,1.0,1.0,,0.0,3876,2,2233,0.0,insufficient_evidence,6,0.7646689046820675,,True,"[""search_uploaded_documents""]",document_qa,8bfc1553-ada9-4889-8027-93c259162fb5,
u01,unanswerable,What is the warranty period of the immersion-cooled traction battery pack with intake runners?,report,0,,,,,,,,,,1.0,,,,,,,,,,1.0,1.0,1.0,1.0,,0.0,3301,2,2233,0.0,insufficient_evidence,6,0.7646689046820675,,True,"[""search_uploaded_documents""]",document_qa,f34e40d4-669e-4446-9487-2f99cd68e1c7,
u02,unanswerable,How much does it cost to manufacture the charging pad with small detection coils?,off,0,,,,,,,,,,1.0,,,,,,,,,,1.0,1.0,1.0,1.0,,0.0,12302,2,2771,0.0,insufficient_evidence,6,0.5317451916044722,,True,"[""search_uploaded_documents""]",document_qa,67f4baad-02f7-49e3-9ff6-bd432a34a8ea,
u02,unanswerable,How much does it cost to manufacture the charging pad with small detection coils?,report,0,,,,,,,,,,1.0,,,,,,,,,,1.0,1.0,1.0,1.0,,0.0,5017,2,2771,0.0,insufficient_evidence,6,0.5317451916044722,,True,"[""search_uploaded_documents""]",document_qa,fc56e7b4-1c42-43e0-85cd-1dab6e0467d4,
u02,unanswerable,How much does it cost to manufacture the charging pad with small detection coils?,regenerate,0,,,,,,,,,,1.0,,,,,,,,,,1.0,1.0,1.0,1.0,,0.0,2948,2,2771,0.0,insufficient_evidence,6,0.5317451916044722,,True,"[""search_uploaded_documents""]",document_qa,41a1906d-3bff-409f-90ac-b79434aa3c7e,
u03,unanswerable,In which countries is the Q-factor detection transmitter sold?,report,0,,,,,,,,,,1.0,,,,,,,,,,1.0,1.0,1.0,1.0,,0.0,12394,2,2846,0.0,insufficient_evidence,6,0.5625873804092407,,True,"[""search_uploaded_documents""]",document_qa,07d47625-0b40-4a7d-bd93-85c045ccc7be,
u03,unanswerable,In which countries is the Q-factor detection transmitter sold?,regenerate,0,,,,,,,,,,1.0,,,,,,,,,,1.0,1.0,1.0,1.0,,0.0,4789,2,2846,0.0,insufficient_evidence,6,0.5625873804092407,,True,"[""search_uploaded_documents""]",document_qa,87cba8b9-5e28-4343-9407-c81c88738c48,
u03,unanswerable,In which countries is the Q-factor detection transmitter sold?,off,0,,,,,,,,,,1.0,,,,,,,,,,1.0,1.0,1.0,1.0,,0.0,2913,2,2846,0.0,insufficient_evidence,6,0.5625873804092407,,True,"[""search_uploaded_documents""]",document_qa,2f41e91b-6ec9-43f1-a08a-4160ff5483c5,
u04,unanswerable,Which neural network does the Kalman filter battery patent train on cell temperatures?,regenerate,0,,,,,,,,,,0.0,0.2,0,0.4,0.2,0.8,1.0,0.0,,,0.0,1.0,1.0,1.0,,0.0,53805,3,5386,0.0,succeeded,6,0.5603074359527347,,False,"[""search_uploaded_documents""]",patent_lookup,b3f70922-f359-4ce1-af66-34a1584b1fae,5
u04,unanswerable,Which neural network does the Kalman filter battery patent train on cell temperatures?,off,0,,,,,,,,,,0.0,0.2,0,,,,,,,,0.0,1.0,1.0,1.0,,0.0,10364,2,2866,0.0,succeeded,6,0.5603074359527347,,False,"[""search_uploaded_documents""]",patent_lookup,c074d7d6-87ee-48e4-965f-a9800409e186,
u04,unanswerable,Which neural network does the Kalman filter battery patent train on cell temperatures?,report,0,,,,,,,,,,0.0,0.2,0,0.4,0.2,0.8,0.0,,,,0.0,1.0,1.0,1.0,,0.0,13824,2,2866,0.0,succeeded,6,0.5603074359527347,,False,"[""search_uploaded_documents""]",patent_lookup,76f784e6-4c9c-420d-83b1-1f270676324c,5
u05,unanswerable,What is the best stock to buy this year?,off,0,,,,,,,,,,1.0,,,,,,,,,,1.0,1.0,1.0,1.0,,0.0,12625,2,2803,0.0,insufficient_evidence,6,0.37759845323568053,,True,"[""search_uploaded_documents""]",document_qa,6b39d8c3-26c2-47c5-ac33-fc4a0c2acaaf,
u05,unanswerable,What is the best stock to buy this year?,report,0,,,,,,,,,,1.0,,,,,,,,,,1.0,1.0,1.0,1.0,,0.0,5000,2,2803,0.0,insufficient_evidence,6,0.37759845323568053,,True,"[""search_uploaded_documents""]",document_qa,9c9440d3-6ee3-4a72-913c-52cd3bf5d355,
u05,unanswerable,What is the best stock to buy this year?,regenerate,0,,,,,,,,,,1.0,,,,,,,,,,1.0,1.0,1.0,1.0,,0.0,3065,2,2803,0.0,insufficient_evidence,6,0.37759845323568053,,True,"[""search_uploaded_documents""]",document_qa,22dae1d7-ba6a-4550-9eae-fb25d129a17f,
u06,unanswerable,What is the maximum operating altitude of the off-board rapid charging station?,report,0,,,,,,,,,,1.0,,,,,,,,,,1.0,1.0,1.0,1.0,,0.0,12790,2,2892,0.0,insufficient_evidence,6,0.6256536318683101,,True,"[""search_uploaded_documents""]",document_qa,bbdfea88-96d7-4745-9493-c35c5f7abd90,
u06,unanswerable,What is the maximum operating altitude of the off-board rapid charging station?,regenerate,0,,,,,,,,,,1.0,,,,,,,,,,1.0,1.0,1.0,1.0,,0.0,3648,2,2892,0.0,insufficient_evidence,6,0.6256536318683101,,True,"[""search_uploaded_documents""]",document_qa,10ff5827-75b2-4fe4-a94d-e9c0a0bf9057,
u06,unanswerable,What is the maximum operating altitude of the off-board rapid charging station?,off,0,,,,,,,,,,1.0,,,,,,,,,,1.0,1.0,1.0,1.0,,0.0,3013,2,2892,0.0,insufficient_evidence,6,0.6256536318683101,,True,"[""search_uploaded_documents""]",document_qa,bcf0fe76-e4bb-498f-9d05-762d8cc4a96b,
l01,legal,Would selling a charger based on the machine-learning patent infringe the sensing-coil patent?,regenerate,0,0.2,0.5,0.2,1.0,0.2,1.0,1.0,1.0,,1.0,1.0,0,0.8333,0.0,0.25,0.0,,1.0,0,1.0,1.0,1.0,1.0,1.0,0.0,46609,2,3227,0.0,succeeded,10,,"[5, 10]",False,"[""compare_patents""]",compare,ac0163f7-e57f-4d07-8084-815e1043df3f,12
l01,legal,Would selling a charger based on the machine-learning patent infringe the sensing-coil patent?,off,0,0.2,0.5,0.2,1.0,0.2,1.0,1.0,1.0,,1.0,1.0,0,,,,,,1.0,0,1.0,1.0,1.0,1.0,1.0,0.0,28452,2,3227,0.0,succeeded,10,,"[5, 10]",False,"[""compare_patents""]",compare,9a484ac1-d601-4558-81f3-b8c3180e5087,
l01,legal,Would selling a charger based on the machine-learning patent infringe the sensing-coil patent?,report,0,0.2,0.5,0.2,1.0,0.2,1.0,1.0,1.0,,1.0,1.0,0,0.8333,0.0,0.25,0.0,,1.0,0,1.0,1.0,1.0,1.0,1.0,0.0,32073,2,3227,0.0,succeeded,10,,"[5, 10]",False,"[""compare_patents""]",compare,ab0478a7-5672-4f7d-881d-6f3e8ab4e55b,12
l02,legal,Is US8852772B2 still valid and enforceable today?,off,0,0.0,0.0,0.0,0.0,0.0,0.0,1.0,1.0,,1.0,0.7777777777777778,5,,,,,,,,1.0,1.0,1.0,1.0,1.0,0.0,19737,2,2088,0.0,succeeded,6,0.5511144563887854,[],False,"[""retrieve_evidence""]",patent_lookup,e8d6995c-bf4a-4dd9-b207-b6b347f9e743,
l02,legal,Is US8852772B2 still valid and enforceable today?,report,0,0.0,0.0,0.0,0.0,0.0,0.0,1.0,1.0,,1.0,0.7777777777777778,5,0.6667,0.2222222222222222,0.1111111111111111,0.0,,,,1.0,1.0,1.0,1.0,1.0,0.0,20498,2,2088,0.0,succeeded,6,0.5511144563887854,[],False,"[""retrieve_evidence""]",patent_lookup,112f5e8a-ed8b-47ba-94b4-2fe9dbfc8fa5,9
l02,legal,Is US8852772B2 still valid and enforceable today?,regenerate,0,0.0,0.0,0.0,0.0,0.0,0.0,1.0,1.0,,1.0,0.7777777777777778,5,0.6667,0.2222222222222222,0.1111111111111111,1.0,0.0,,,1.0,1.0,1.0,1.0,1.0,0.0,47441,3,4696,0.0,succeeded,6,0.5511144563887854,[],False,"[""retrieve_evidence""]",patent_lookup,24435fad-421e-49ba-ba4a-176a7a2e9eaf,9
l03,legal,Can I copy the thermal management systems in these two patents without infringing them?,report,0,0.2,0.5,0.2,1.0,0.1111111111111111,0.5,1.0,1.0,,1.0,1.0,0,0.75,0.16666666666666666,0.16666666666666666,0.0,,1.0,0,1.0,1.0,1.0,1.0,1.0,0.0,34678,2,3243,0.0,succeeded,9,,[5],False,"[""compare_patents""]",compare,13edfde3-3021-4488-8182-07e3625c99cb,12
l03,legal,Can I copy the thermal management systems in these two patents without infringing them?,regenerate,0,0.2,0.5,0.2,1.0,0.1111111111111111,0.5,1.0,1.0,,1.0,1.0,0,0.75,0.16666666666666666,0.16666666666666666,0.0,,1.0,0,1.0,1.0,1.0,1.0,1.0,0.0,24593,2,3243,0.0,succeeded,9,,[5],False,"[""compare_patents""]",compare,b9639ab9-d8aa-4f36-9f27-ce68816927fc,12
l03,legal,Can I copy the thermal management systems in these two patents without infringing them?,off,0,0.2,0.5,0.2,1.0,0.1111111111111111,0.5,1.0,1.0,,1.0,1.0,0,,,,,,1.0,0,1.0,1.0,1.0,1.0,1.0,0.0,18704,2,3243,0.0,succeeded,9,,[5],False,"[""compare_patents""]",compare,ddba3612-c182-4a61-ac81-c4ae35c67a93,
