item_id,item_type,question,precision_at_k,recall_at_k,mrr,hit_at_k,context_precision,context_recall,source_recall,source_precision,key_fact_recall,abstention_correct,citation_coverage,invalid_citations,grounding_score,unsupported_rate,misattribution_rate,regenerated,regeneration_gain,cell_coverage,cross_source_citations,intent_correct,tool_precision,tool_recall,tools_exact,legal_flag_correct,failed,latency_ms,llm_calls,total_tokens,cost_usd,status,n_retrieved,top_similarity,relevant_ranks,abstained,claims_checked,run_id,variant,repeat
t01,lookup,How can the Q-factor be estimated by simply counting oscillations of the capacitor voltage?,0.0,0.0,0.0,0.0,0.0,0.0,1.0,1.0,0.0,1.0,0.6,0,0.4,0.4,0.2,0.0,,,,,,,,,0.0,14363,1,1556,0.0,succeeded,3,0.6961979451061532,[],False,5,95427819-820a-45d3-b1dc-85c4046549ff,k3,0
t01,lookup,How can the Q-factor be estimated by simply counting oscillations of the capacitor voltage?,0.0,0.0,0.2,0.0,0.16666666666666666,1.0,1.0,1.0,1.0,1.0,0.75,0,0.5,0.5,0.0,0.0,,,,,,,,,0.0,14437,1,2589,0.0,succeeded,6,0.7240405843233727,[5],False,4,0aa4209d-ffd5-432b-a432-cbe0e2407298,k6,0
t01,lookup,How can the Q-factor be estimated by simply counting oscillations of the capacitor voltage?,0.0,0.0,0.2,0.0,0.1,1.0,1.0,1.0,1.0,1.0,0.8,0,0.8,0.2,0.0,0.0,,,,,,,,,0.0,15936,1,3710,0.0,succeeded,10,0.7240405843233727,[5],False,5,d2893e09-7a1b-40e9-afed-da491e400105,k10,0
t02,lookup,"Besides detecting foreign objects, what else can an array of small detection coils tell the charger?",0.3333333333333333,1.0,0.5,1.0,0.16666666666666666,1.0,1.0,1.0,1.0,1.0,1.0,0,0.8,0.0,0.4,0.0,,,,,,,,,0.0,20744,1,2847,0.0,succeeded,6,0.705395758152013,[2],False,5,3c308215-24bd-4221-8d4f-4e0b9a41d7ec,k6,0
t02,lookup,"Besides detecting foreign objects, what else can an array of small detection coils tell the charger?",0.3333333333333333,1.0,0.5,1.0,0.1,1.0,1.0,0.9,1.0,1.0,1.0,0,1.0,0.0,0.0,0.0,,,,,,,,,0.0,13409,1,3822,0.0,succeeded,10,0.705395758152013,[2],False,5,1b79a70b-5a85-456c-8b0e-f627e388ee57,k10,0
t02,lookup,"Besides detecting foreign objects, what else can an array of small detection coils tell the charger?",0.3333333333333333,1.0,0.5,1.0,0.3333333333333333,1.0,1.0,1.0,1.0,1.0,1.0,0,1.0,0.0,0.0,0.0,,,,,,,,,0.0,10658,1,1509,0.0,succeeded,3,0.705395758152013,[2],False,4,41e36725-d0a4-4fca-a8b4-435e94653d01,k3,0
t03,lookup,Why is the coil-based foreign object detection preferably done while no power is being transferred?,0.0,0.0,0.0,0.0,0.0,0.0,1.0,0.8,0.0,1.0,1.0,0,0.375,0.25,0.0,0.0,,,,,,,,,0.0,26124,1,3579,0.0,succeeded,10,0.6768325567245531,[],False,4,bf4863c3-d4a9-45a7-9e4d-c84b8038b923,k10,0
t03,lookup,Why is the coil-based foreign object detection preferably done while no power is being transferred?,0.0,0.0,0.0,0.0,0.0,0.0,1.0,1.0,0.0,1.0,0.3333333333333333,0,0.3333,0.3333333333333333,0.3333333333333333,0.0,,,,,,,,,0.0,9204,1,1629,0.0,succeeded,3,0.66932115967996,[],False,3,033c7f1f-6f09-456f-8a36-b866d04343ae,k3,0
t03,lookup,Why is the coil-based foreign object detection preferably done while no power is being transferred?,0.0,0.0,0.0,0.0,0.0,0.0,1.0,1.0,0.0,1.0,0.75,0,0.5,0.25,0.0,0.0,,,,,,,,,0.0,19023,1,3104,0.0,succeeded,6,0.6768325567245531,[],False,4,1b657401-076f-4c2f-87dd-fd040887b1e3,k6,0
t04,lookup,Why can a second charger nearby make the Q factor measurement unreliable?,0.0,0.0,0.0,0.0,0.0,0.0,0.0,0.0,0.0,1.0,0.5,1,0.0,1.0,0.0,0.0,,,,,,,,,0.0,18419,1,1526,0.0,succeeded,3,0.6361185853693351,[],False,4,9f5c2b3b-c58a-45dc-8d66-892d0068ec1e,k3,0
t04,lookup,Why can a second charger nearby make the Q factor measurement unreliable?,0.0,0.0,0.0,0.0,0.0,0.0,0.0,0.0,0.0,1.0,0.5,0,0.0,1.0,0.0,0.0,,,,,,,,,0.0,18125,1,2582,0.0,succeeded,6,0.6361185853693351,[],False,4,1507edc5-3eb7-4459-bd40-8a96285bbdc9,k6,0
t04,lookup,Why can a second charger nearby make the Q factor measurement unreliable?,0.0,0.0,0.0,0.0,0.0,0.0,0.0,0.0,0.0,1.0,0.25,0,0.125,0.75,0.25,0.0,,,,,,,,,0.0,18308,1,3513,0.0,succeeded,10,0.6361185853693351,[],False,4,5f7c3c8d-28cb-4f24-bbb8-ec3f0c19ebe6,k10,0
t05,lookup,Which everyday objects are given as examples of foreign objects in the patent that uses a reference peak frequency?,0.0,0.0,0.0,0.0,0.0,0.0,1.0,1.0,0.0,1.0,0.6666666666666666,0,0.3333,0.3333333333333333,0.3333333333333333,0.0,,,,,,,,,0.0,21848,1,2709,0.0,succeeded,6,0.5769078731536865,[],False,3,2dd0102d-0c2f-4f66-a656-e9cc1f208322,k6,0
t05,lookup,Which everyday objects are given as examples of foreign objects in the patent that uses a reference peak frequency?,0.0,0.0,0.0,0.0,0.0,0.0,1.0,1.0,0.0,1.0,0.25,0,0.25,0.5,0.25,0.0,,,,,,,,,0.0,17662,1,3627,0.0,succeeded,10,0.5769078731536865,[],False,4,3e6588b1-4650-49e1-a41a-cb426dbe94d2,k10,0
t05,lookup,Which everyday objects are given as examples of foreign objects in the patent that uses a reference peak frequency?,0.0,0.0,0.0,0.0,0.0,0.0,1.0,1.0,0.0,1.0,0.5,0,0.5,0.25,0.25,0.0,,,,,,,,,0.0,12241,1,1641,0.0,succeeded,3,0.5674670000393996,[],False,4,eb5f1775-ba9b-4bcc-85fb-7febc3ffd3b6,k3,0
t06,lookup,Which kinds of sensors have previously been used to detect objects on electric vehicle wireless charging pads?,0.0,0.0,0.0,0.0,0.0,0.0,1.0,0.4,0.0,1.0,0.75,0,0.625,0.25,0.0,0.0,,,,,,,,,0.0,30453,1,3506,0.0,succeeded,10,0.6405755663261167,[],False,4,aa5c0f89-8d48-4f8f-975c-72a9630e7834,k10,0
t06,lookup,Which kinds of sensors have previously been used to detect objects on electric vehicle wireless charging pads?,0.0,0.0,0.0,0.0,0.0,0.0,1.0,0.3333333333333333,0.0,1.0,1.0,0,0.8333,0.0,0.0,0.0,,,,,,,,,0.0,11876,1,1536,0.0,succeeded,3,0.6405755663261167,[],False,3,5668686e-0485-415a-8578-a5f1c76c2cec,k3,0
t06,lookup,Which kinds of sensors have previously been used to detect objects on electric vehicle wireless charging pads?,0.0,0.0,0.0,0.0,0.0,0.0,1.0,0.3333333333333333,0.0,1.0,0.6666666666666666,0,0.75,0.16666666666666666,0.16666666666666666,0.0,,,,,,,,,0.0,17913,1,2705,0.0,succeeded,6,0.6405755663261167,[],False,6,f37c2543-316a-4c76-b1c7-9cbd21ab4aed,k6,0
t07,lookup,Which hazards is object detection on the vehicle charging pad meant to prevent?,0.3333333333333333,1.0,0.5,1.0,0.3333333333333333,1.0,1.0,1.0,1.0,1.0,1.0,0,1.0,0.0,0.0,0.0,,,,,,,,,0.0,15884,1,1518,0.0,succeeded,3,0.59950991871894,[2],False,3,fe435637-aa98-44b0-8031-6d5d3b419211,k3,0
t07,lookup,Which hazards is object detection on the vehicle charging pad meant to prevent?,0.3333333333333333,1.0,0.5,1.0,0.16666666666666666,1.0,1.0,0.5,1.0,1.0,1.0,0,0.6667,0.3333333333333333,0.0,0.0,,,,,,,,,0.0,15212,1,2756,0.0,succeeded,6,0.59950991871894,[2],False,3,cfbb9df1-2bae-460c-8927-045dc72b5739,k6,0
t07,lookup,Which hazards is object detection on the vehicle charging pad meant to prevent?,0.3333333333333333,1.0,0.5,1.0,0.1,1.0,1.0,0.3,1.0,1.0,1.0,0,1.0,0.0,0.0,0.0,,,,,,,,,0.0,14650,1,3479,0.0,succeeded,10,0.59950991871894,[2],False,3,d6e81366-2ef6-46b1-81f7-bb73035ad995,k10,0
t08,lookup,Which measurements are gathered from each coil for the machine-learning foreign object detection?,0.0,0.0,0.0,0.0,0.0,0.0,1.0,0.3333333333333333,1.0,1.0,1.0,0,1.0,0.0,0.0,0.0,,,,,,,,,0.0,17212,1,2952,0.0,succeeded,6,0.6820434087385618,[],False,2,1eb21b81-fe4e-4a55-8471-f94c4b67af34,k6,0
t08,lookup,Which measurements are gathered from each coil for the machine-learning foreign object detection?,0.0,0.0,0.0,0.0,0.0,0.0,1.0,0.4,1.0,1.0,1.0,0,1.0,0.0,0.0,0.0,,,,,,,,,0.0,10516,1,3750,0.0,succeeded,10,0.6820434087385618,[],False,3,0cadd6cd-867c-4c4d-852a-eaca6e46ae78,k10,0
t08,lookup,Which measurements are gathered from each coil for the machine-learning foreign object detection?,0.0,0.0,0.0,0.0,0.0,0.0,0.0,0.0,0.0,1.0,0.5,0,0.5,0.5,0.0,0.0,,,,,,,,,0.0,8786,1,1820,0.0,succeeded,3,0.6764152251605832,[],False,2,2e291ff7-0f65-4e61-996d-b3e5c0323ebe,k3,0
t09,lookup,How much heat must the heat exchanger absorb during a 300 kW rapid recharge?,0.3333333333333333,1.0,0.5,1.0,0.1,1.0,1.0,0.6,1.0,1.0,1.0,0,0.75,0.0,0.5,0.0,,,,,,,,,0.0,24583,1,3568,0.0,succeeded,10,0.6959300274765524,[2],False,2,9cf2dde4-7661-4570-82ae-1fcfa653060d,k10,0
t09,lookup,How much heat must the heat exchanger absorb during a 300 kW rapid recharge?,0.3333333333333333,1.0,0.5,1.0,0.3333333333333333,1.0,1.0,1.0,1.0,1.0,1.0,1,0.5,0.0,1.0,0.0,,,,,,,,,0.0,8178,1,1661,0.0,succeeded,3,0.6959300274765524,[2],False,1,67dde713-30eb-4e3d-b0bd-6ef9c97abbfa,k3,0
t09,lookup,How much heat must the heat exchanger absorb during a 300 kW rapid recharge?,0.3333333333333333,1.0,0.5,1.0,0.16666666666666666,1.0,1.0,0.8333333333333334,1.0,1.0,1.0,0,0.75,0.0,0.5,0.0,,,,,,,,,0.0,14109,1,2767,0.0,succeeded,6,0.6959300274765524,[2],False,2,d97bd812-3ef3-4703-9fb2-1edc84851e00,k6,0
t10,lookup,How thick are the on-board coolant pipes in the Tesla Model S example?,0.0,0.0,0.0,0.0,0.0,0.0,1.0,1.0,,0.0,,,,,,,,,,,,,,,0.0,7905,1,1352,0.0,insufficient_evidence,3,0.6676156122913699,[],True,,31cf9df9-edf7-4a3f-beb3-d9484e0d2423,k3,0
t10,lookup,How thick are the on-board coolant pipes in the Tesla Model S example?,0.0,0.0,0.0,0.0,0.0,0.0,1.0,1.0,,0.0,,,,,,,,,,,,,,,0.0,6260,1,2415,0.0,insufficient_evidence,6,0.6676156122913699,[],True,,bd4cf4e4-ab70-457f-a34d-98e44d528b65,k6,0
t10,lookup,How thick are the on-board coolant pipes in the Tesla Model S example?,0.0,0.0,0.0,0.0,0.0,0.0,1.0,0.7,,0.0,,,,,,,,,,,,,,,0.0,6577,1,3564,0.0,insufficient_evidence,10,0.6676156122913699,[],True,,35519291-c955-4044-8080-cdbd9e57f0f4,k10,0
t11,lookup,In which situations may a large electric vehicle battery still need active cooling?,0.0,0.0,0.0,0.0,0.0,0.0,1.0,0.3333333333333333,0.0,1.0,1.0,0,0.6667,0.0,0.3333333333333333,0.0,,,,,,,,,0.0,20710,1,2544,0.0,succeeded,6,0.6888472623320078,[],False,3,464f6ec3-97af-4b65-b016-fe01e2f66a2e,k6,0
t11,lookup,In which situations may a large electric vehicle battery still need active cooling?,0.0,0.0,0.0,0.0,0.0,0.0,1.0,0.3,0.0,1.0,1.0,0,0.625,0.25,0.0,0.0,,,,,,,,,0.0,18221,1,3535,0.0,succeeded,10,0.6888472623320078,[],False,4,d4da7889-dfa3-4ce8-a620-bfb040608531,k10,0
t11,lookup,In which situations may a large electric vehicle battery still need active cooling?,0.0,0.0,0.0,0.0,0.0,0.0,1.0,0.6666666666666666,0.0,1.0,0.75,0,0.5,0.5,0.0,0.0,,,,,,,,,0.0,11090,1,1474,0.0,succeeded,3,0.6745447502354246,[],False,4,c40829bd-67ce-47b4-aedc-a82af76cf624,k3,0
t12,lookup,Which two models are used in the prediction stage of the battery temperature estimate?,0.3333333333333333,1.0,1.0,1.0,0.1,1.0,1.0,0.5,1.0,1.0,1.0,0,1.0,0.0,0.0,0.0,,,,,,,,,0.0,18140,1,3506,0.0,succeeded,10,0.6943349424400972,[1],False,1,be58ebc7-9e75-4f48-8a3f-2bfd127a9288,k10,0
t12,lookup,Which two models are used in the prediction stage of the battery temperature estimate?,0.3333333333333333,1.0,1.0,1.0,0.3333333333333333,1.0,1.0,0.6666666666666666,1.0,1.0,1.0,1,1.0,0.0,0.0,0.0,,,,,,,,,0.0,6210,1,1358,0.0,succeeded,3,0.6943349424400972,[1],False,3,95893ff6-a656-452b-9458-42ec4f8d2571,k3,0
t12,lookup,Which two models are used in the prediction stage of the battery temperature estimate?,0.3333333333333333,1.0,1.0,1.0,0.16666666666666666,1.0,1.0,0.3333333333333333,1.0,1.0,1.0,0,1.0,0.0,0.0,0.0,,,,,,,,,0.0,9539,1,2437,0.0,succeeded,6,0.6943349424400972,[1],False,1,3e5510b8-c98d-48bd-8ce9-6bca3ec37508,k6,0
t13,lookup,Does the battery temperature estimation software have to be written in a particular programming language?,0.0,0.0,0.0,0.0,0.0,0.0,1.0,0.3333333333333333,0.0,1.0,0.5,0,0.0,1.0,0.0,0.0,,,,,,,,,0.0,11159,1,1421,0.0,succeeded,3,0.6180085030779213,[],False,1,16e7d662-21a9-4733-ba04-6549b6b1bcfb,k3,0
t13,lookup,Does the battery temperature estimation software have to be written in a particular programming language?,0.0,0.0,0.0,0.0,0.0,0.0,1.0,0.16666666666666666,0.0,1.0,0.25,0,0.25,0.75,0.0,0.0,,,,,,,,,0.0,15356,1,2607,0.0,succeeded,6,0.6209341821270737,[],False,4,67bd7dc7-08bf-47b4-aa73-70046d443c11,k6,0
t13,lookup,Does the battery temperature estimation software have to be written in a particular programming language?,0.0,0.0,0.0,0.0,0.0,0.0,1.0,0.2,0.0,1.0,0.5,0,0.0,1.0,0.0,0.0,,,,,,,,,0.0,9269,1,3478,0.0,succeeded,10,0.7421902061900333,[],False,1,622dc7a4-0eab-473f-a301-152acb435dd8,k10,0
t14,lookup,How is the battery warmed when the cabin air conditioning is off in the combined HVAC and battery system?,0.3333333333333333,1.0,0.5,1.0,0.16666666666666666,1.0,1.0,0.3333333333333333,1.0,1.0,1.0,0,0.6667,0.3333333333333333,0.0,0.0,,,,,,,,,0.0,24243,1,2773,0.0,succeeded,6,0.676364818052676,[2],False,3,92020c49-f0ef-4669-bd4b-8fb8dad46b48,k6,0
t14,lookup,How is the battery warmed when the cabin air conditioning is off in the combined HVAC and battery system?,0.3333333333333333,1.0,0.5,1.0,0.1,1.0,1.0,0.3,1.0,1.0,0.42857142857142855,0,0.4286,0.2857142857142857,0.42857142857142855,0.0,,,,,,,,,0.0,22153,1,3760,0.0,succeeded,10,0.676364818052676,[2],False,7,b7b88aa7-80ac-4845-8344-5e4f24ea1e93,k10,0
t14,lookup,How is the battery warmed when the cabin air conditioning is off in the combined HVAC and battery system?,0.3333333333333333,1.0,0.5,1.0,0.3333333333333333,1.0,1.0,0.6666666666666666,1.0,1.0,0.5,0,0.5,0.25,0.5,0.0,,,,,,,,,0.0,10620,1,1489,0.0,succeeded,3,0.676364818052676,[2],False,4,b3182879-7689-4b47-accb-48ae6c16381e,k3,0
t15,lookup,When is the traction battery cooled by the radiator without using the chiller?,0.3333333333333333,1.0,0.5,1.0,0.1,1.0,1.0,0.4,1.0,1.0,1.0,0,1.0,0.0,0.0,0.0,,,,,,,,,0.0,23321,1,3717,0.0,succeeded,10,0.6992486298532123,[2],False,4,14bbbbb5-ccfc-4677-bb22-cb4a5a886dc4,k10,0
t15,lookup,When is the traction battery cooled by the radiator without using the chiller?,0.3333333333333333,1.0,0.5,1.0,0.3333333333333333,1.0,1.0,1.0,1.0,1.0,1.0,0,1.0,0.0,0.0,0.0,,,,,,,,,0.0,9469,1,1781,0.0,succeeded,3,0.6992486298532123,[2],False,3,3239f335-006c-4662-8905-acbfd027c833,k3,0
t15,lookup,When is the traction battery cooled by the radiator without using the chiller?,0.3333333333333333,1.0,0.5,1.0,0.16666666666666666,1.0,1.0,0.6666666666666666,1.0,1.0,1.0,0,1.0,0.0,0.0,0.0,,,,,,,,,0.0,13479,1,2884,0.0,succeeded,6,0.6992486298532123,[2],False,4,8d590573-de59-4d4b-b7d9-4e6415b846b5,k6,0
t16,lookup,What is the condenser fan speed command calculated from?,0.3333333333333333,1.0,1.0,1.0,0.3333333333333333,1.0,1.0,1.0,0.0,1.0,1.0,0,0.6667,0.3333333333333333,0.0,0.0,,,,,,,,,0.0,15014,1,1570,0.0,succeeded,3,0.724639031334044,[1],False,3,6feffd81-23c0-4b43-829f-a081e56fb116,k3,0
t16,lookup,What is the condenser fan speed command calculated from?,0.3333333333333333,1.0,1.0,1.0,0.16666666666666666,1.0,1.0,1.0,0.0,1.0,0.6666666666666666,0,0.8333,0.0,0.3333333333333333,0.0,,,,,,,,,0.0,17502,1,3058,0.0,succeeded,6,0.724639031334044,[1],False,3,ab19441e-643a-4b2f-895c-9c26385a3aee,k6,0
t16,lookup,What is the condenser fan speed command calculated from?,0.3333333333333333,1.0,1.0,1.0,0.2,1.0,1.0,1.0,1.0,1.0,1.0,0,0.875,0.0,0.0,0.0,,,,,,,,,0.0,14651,1,3762,0.0,succeeded,10,0.724639031334044,"[1, 9]",False,4,2f0c5ade-411a-4277-b3b6-e6dd64c26946,k10,0
t17,lookup,What conditions can cause a battery thermal event in the immersion-cooled traction battery pack?,0.0,0.0,0.0,0.0,0.0,0.0,1.0,0.6666666666666666,0.0,1.0,0.6666666666666666,0,0.5,0.3333333333333333,0.0,0.0,,,,,,,,,0.0,18139,1,2052,0.0,succeeded,6,0.8175534253583383,[],False,3,93a56c32-fc7d-47b4-8605-056b8627dc5e,k6,0
t17,lookup,What conditions can cause a battery thermal event in the immersion-cooled traction battery pack?,0.0,0.0,0.0,0.0,0.0,0.0,1.0,0.6,0.0,1.0,0.7142857142857143,0,0.5714,0.2857142857142857,0.14285714285714285,0.0,,,,,,,,,0.0,23343,1,3365,0.0,succeeded,10,0.8175534253583383,[],False,7,a83cc94d-51da-49d3-9f65-21a534a2f673,k10,0
t17,lookup,What conditions can cause a battery thermal event in the immersion-cooled traction battery pack?,0.0,0.0,0.0,0.0,0.0,0.0,1.0,0.3333333333333333,0.0,1.0,0.6,0,0.75,0.25,0.0,0.0,,,,,,,,,0.0,13600,1,1308,0.0,succeeded,3,0.658013543008952,[],False,4,6b005037-e48d-477b-804e-dcde1da10cfa,k3,0
t18,lookup,How does the grouped-cell immersion cooling system stop thermal runaway from spreading to neighbouring cells?,0.3333333333333333,1.0,1.0,1.0,0.1,1.0,1.0,0.4,1.0,1.0,1.0,0,0.8333,0.16666666666666666,0.0,0.0,,,,,,,,,0.0,25222,1,3462,0.0,succeeded,10,0.7655286332649821,[1],False,6,1906263e-f643-4e0b-95a1-46b0313afd34,k10,0
t18,lookup,How does the grouped-cell immersion cooling system stop thermal runaway from spreading to neighbouring cells?,0.3333333333333333,1.0,1.0,1.0,0.3333333333333333,1.0,1.0,0.6666666666666666,1.0,1.0,0.8333333333333334,0,0.8333,0.0,0.3333333333333333,0.0,,,,,,,,,0.0,14371,1,1449,0.0,succeeded,3,0.7655286332649821,[1],False,6,b79693be-bc57-4709-8e8b-b2aa1022c5e8,k3,0
t18,lookup,How does the grouped-cell immersion cooling system stop thermal runaway from spreading to neighbouring cells?,0.3333333333333333,1.0,1.0,1.0,0.16666666666666666,1.0,1.0,0.6666666666666666,1.0,1.0,0.75,0,0.75,0.0,0.25,0.0,,,,,,,,,0.0,15632,1,2465,0.0,succeeded,6,0.7655286332649821,[1],False,4,7ddd9cb2-60fa-49c8-b09e-2134c53d7ba4,k6,0
t19,lookup,Where are the heating element and the cooling element placed inside the sealed battery container?,0.3333333333333333,1.0,1.0,1.0,0.3333333333333333,1.0,1.0,1.0,1.0,1.0,1.0,0,0.5,0.0,1.0,0.0,,,,,,,,,0.0,12882,1,1555,0.0,succeeded,3,0.7034149942746875,[1],False,1,8fe84b2f-d850-4d71-accd-04d487791a18,k3,0
t19,lookup,Where are the heating element and the cooling element placed inside the sealed battery container?,0.3333333333333333,1.0,1.0,1.0,0.16666666666666666,1.0,1.0,0.8333333333333334,1.0,1.0,1.0,0,0.5,0.0,1.0,0.0,,,,,,,,,0.0,10815,1,2535,0.0,succeeded,6,0.7034149942746875,[1],False,1,681e1306-ee08-4080-a32a-70b1e5f1329b,k6,0
t19,lookup,Where are the heating element and the cooling element placed inside the sealed battery container?,0.3333333333333333,1.0,1.0,1.0,0.1,1.0,1.0,0.6,1.0,1.0,1.0,0,0.5,0.0,1.0,0.0,,,,,,,,,0.0,12319,1,3846,0.0,succeeded,10,0.7034149942746875,[1],False,1,e4e29467-7908-43cc-a1e6-7424315f3a8f,k10,0
t20,lookup,What kind of device is used as the cooling element in the sealed liquid-cooled battery container?,0.3333333333333333,1.0,0.5,1.0,0.16666666666666666,1.0,1.0,0.6666666666666666,1.0,1.0,1.0,0,0.0,1.0,0.0,0.0,,,,,,,,,0.0,17854,1,2653,0.0,succeeded,6,0.7271711988943114,[2],False,1,143d8c6c-a6ff-4b89-a187-d06ac131b00e,k6,0
t20,lookup,What kind of device is used as the cooling element in the sealed liquid-cooled battery container?,0.3333333333333333,1.0,0.5,1.0,0.1,1.0,1.0,0.6,1.0,1.0,0.5,0,0.25,0.5,0.5,0.0,,,,,,,,,0.0,11359,1,3407,0.0,succeeded,10,0.7271711988943114,[2],False,2,52086101-a5c0-4c05-afea-e2268fa7e9a3,k10,0
t20,lookup,What kind of device is used as the cooling element in the sealed liquid-cooled battery container?,0.3333333333333333,1.0,0.5,1.0,0.3333333333333333,1.0,1.0,1.0,1.0,1.0,1.0,0,0.5,0.0,0.0,0.0,,,,,,,,,0.0,7905,1,1497,0.0,succeeded,3,0.7271711988943114,[2],False,1,955c6a50-41ba-49da-81e1-db31f71ade85,k3,0
t21,lookup,Which electronic components is the immersion cooling module with an integrated pump designed to cool?,0.0,0.0,0.0,0.0,0.0,0.0,1.0,1.0,1.0,1.0,1.0,0,0.8333,0.0,0.0,0.0,,,,,,,,,0.0,23296,1,3657,0.0,succeeded,10,0.7545490118592402,[],False,3,f71b6d23-24e3-48f6-8e0b-731d94a5931d,k10,0
t21,lookup,Which electronic components is the immersion cooling module with an integrated pump designed to cool?,0.0,0.0,0.0,0.0,0.0,0.0,1.0,1.0,1.0,1.0,1.0,0,1.0,0.0,0.0,0.0,,,,,,,,,0.0,8314,1,1638,0.0,succeeded,3,0.7545490118592402,[],False,3,07d46ed9-2c4a-4baf-bee2-46e569ed0305,k3,0
t21,lookup,Which electronic components is the immersion cooling module with an integrated pump designed to cool?,0.0,0.0,0.0,0.0,0.0,0.0,1.0,1.0,1.0,1.0,1.0,0,1.0,0.0,0.0,0.0,,,,,,,,,0.0,12449,1,2589,0.0,succeeded,6,0.7545490118592402,[],False,3,6b75bb30-4d46-45e8-a1af-603fae03de2a,k6,0
t22,lookup,Where can the fluid leaving one chip cooling module be sent next?,0.0,0.0,0.0,0.0,0.0,0.0,1.0,1.0,1.0,1.0,0.0,0,0.3333,0.3333333333333333,0.6666666666666666,0.0,,,,,,,,,0.0,14816,1,1833,0.0,succeeded,3,0.6650722622871447,[],False,3,51f21673-0e78-43e4-8267-94555d7e4ad0,k3,0
t22,lookup,Where can the fluid leaving one chip cooling module be sent next?,0.0,0.0,0.0,0.0,0.0,0.0,1.0,0.8333333333333334,1.0,1.0,0.6666666666666666,0,0.6667,0.3333333333333333,0.0,0.0,,,,,,,,,0.0,12792,1,3070,0.0,succeeded,6,0.6650722622871447,[],False,3,6ac37ea7-7bb3-43c4-9d4e-eebc9a63083b,k6,0
t22,lookup,Where can the fluid leaving one chip cooling module be sent next?,0.0,0.0,0.0,0.0,0.0,0.0,1.0,0.8,1.0,1.0,0.5,0,0.5,0.5,0.0,0.0,,,,,,,,,0.0,10688,1,3805,0.0,succeeded,10,0.6650722622871447,[],False,2,5f87bf81-6dfe-40ec-9980-4a8dbab0b865,k10,0
m01,multi_passage,"How does the charger with a separate sensing coil measure the Q factor, and when does it take that measurement?",0.0,0.0,0.0,0.0,0.0,0.0,1.0,0.5,0.5,1.0,0.6666666666666666,0,0.3333,0.3333333333333333,0.0,0.0,,,,,,,,,0.0,21814,1,2892,0.0,succeeded,6,0.6659561395645142,[],False,3,2ea7e8cd-6e2f-4db3-8545-a0a3e78e58f4,k6,0
m01,multi_passage,"How does the charger with a separate sensing coil measure the Q factor, and when does it take that measurement?",0.0,0.0,0.0,0.0,0.0,0.0,1.0,0.4,0.5,1.0,0.75,0,0.625,0.0,0.5,0.0,,,,,,,,,0.0,17037,1,3640,0.0,succeeded,10,0.6805227994918823,[],False,4,ab893192-ba7e-4715-99c7-592508aab375,k10,0
m01,multi_passage,"How does the charger with a separate sensing coil measure the Q factor, and when does it take that measurement?",0.0,0.0,0.0,0.0,0.0,0.0,1.0,0.3333333333333333,0.0,1.0,0.6666666666666666,0,0.5,0.3333333333333333,0.0,0.0,,,,,,,,,0.0,12035,1,1659,0.0,succeeded,3,0.6659561395645142,[],False,3,3c0eedbe-5410-4d1c-985d-4e0e2b05404e,k3,0
m02,multi_passage,"What sensor data feeds the battery temperature estimate, and how does the Kalman gain weight the prediction?",0.3333333333333333,0.5,1.0,1.0,0.2,0.5,1.0,0.5,1.0,1.0,1.0,1,0.875,0.0,0.25,0.0,,,,,,,,,0.0,25581,1,3665,0.0,succeeded,10,0.6936001984357896,"[1, 5]",False,4,a8f33640-bd8b-4ec9-a455-f20e6b577a4f,k10,0
m02,multi_passage,"What sensor data feeds the battery temperature estimate, and how does the Kalman gain weight the prediction?",0.3333333333333333,0.5,1.0,1.0,0.3333333333333333,0.5,1.0,1.0,1.0,1.0,1.0,0,0.8333,0.0,0.0,0.0,,,,,,,,,0.0,11135,1,1337,0.0,succeeded,3,0.6868124586213493,[1],False,3,4d682a2f-236f-49fd-a9c9-387198429507,k3,0
m02,multi_passage,"What sensor data feeds the battery temperature estimate, and how does the Kalman gain weight the prediction?",0.3333333333333333,0.5,1.0,1.0,0.3333333333333333,0.5,1.0,0.8333333333333334,1.0,1.0,1.0,0,1.0,0.0,0.0,0.0,,,,,,,,,0.0,11822,1,2320,0.0,succeeded,6,0.6936001984357896,"[1, 5]",False,3,9e36ba0d-26fb-4704-9a48-73265e8b95bc,k6,0
m03,multi_passage,Which measurements are used to control the electronic expansion valve and to compute the compressor speed command?,0.0,0.0,0.0,0.0,0.0,0.0,1.0,1.0,1.0,1.0,0.8,0,0.7,0.2,0.2,0.0,,,,,,,,,0.0,18733,1,1665,0.0,succeeded,3,0.6351165014366551,[],False,5,10be523f-14b3-4b4c-a867-9cf8870fbe02,k3,0
m03,multi_passage,Which measurements are used to control the electronic expansion valve and to compute the compressor speed command?,0.0,0.0,0.0,0.0,0.0,0.0,1.0,1.0,1.0,1.0,1.0,1,0.75,0.0,0.0,0.0,,,,,,,,,0.0,18062,1,2864,0.0,succeeded,6,0.6618088483810425,[],False,4,6097b6df-cd05-49a5-9bbb-0032e561a314,k6,0
m03,multi_passage,Which measurements are used to control the electronic expansion valve and to compute the compressor speed command?,0.0,0.0,0.0,0.0,0.0,0.0,1.0,1.0,1.0,1.0,1.0,0,0.8333,0.0,0.0,0.0,,,,,,,,,0.0,14267,1,3567,0.0,succeeded,10,0.6618088483810425,[],False,3,da999bc0-629d-4dc1-ad22-98f23276e824,k10,0
m04,multi_passage,"How does the immersion cooling system control the coolant flow to each battery module, and which sensors support that?",0.0,0.0,0.0,0.0,0.0,0.0,1.0,0.3333333333333333,1.0,1.0,0.6,0,0.7,0.2,0.2,0.0,,,,,,,,,0.0,26570,1,2939,0.0,succeeded,6,0.7275299321061507,[],False,5,f1642c69-0a26-45c4-add1-55fc1ea2b37b,k6,0
m04,multi_passage,"How does the immersion cooling system control the coolant flow to each battery module, and which sensors support that?",0.0,0.0,0.0,0.0,0.0,0.0,1.0,0.2,1.0,1.0,1.0,0,0.9,0.0,0.2,0.0,,,,,,,,,0.0,17318,1,3831,0.0,succeeded,10,0.814721248779148,[],False,5,fb1892fa-0fa4-4788-9737-2ff0331e87b5,k10,0
m04,multi_passage,"How does the immersion cooling system control the coolant flow to each battery module, and which sensors support that?",0.0,0.0,0.0,0.0,0.0,0.0,1.0,0.3333333333333333,1.0,1.0,0.8,0,0.8,0.0,0.2,0.0,,,,,,,,,0.0,13434,1,1843,0.0,succeeded,3,0.7275299321061507,[],False,5,8e65ad20-a6d4-4229-81d7-a1ebceff2f28,k3,0
m05,multi_passage,"Why does the off-board charging system care about the coolant volume next to the battery pack, and what limits how fast coolant can flow?",0.0,0.0,0.0,0.0,0.0,0.0,1.0,0.6,0.0,1.0,1.0,0,0.0,1.0,0.0,0.0,,,,,,,,,0.0,27384,1,3505,0.0,succeeded,10,0.731257113068448,[],False,3,04cdd9f6-3489-454a-939f-8d0aa35fca06,k10,0
m05,multi_passage,"Why does the off-board charging system care about the coolant volume next to the battery pack, and what limits how fast coolant can flow?",0.0,0.0,0.0,0.0,0.0,0.0,1.0,1.0,1.0,1.0,0.5,0,0.0,1.0,0.0,0.0,,,,,,,,,0.0,14068,1,1609,0.0,succeeded,3,0.731257113068448,[],False,4,1e04a6e0-2727-43c9-870d-735b0b138dc5,k3,0
m05,multi_passage,"Why does the off-board charging system care about the coolant volume next to the battery pack, and what limits how fast coolant can flow?",0.0,0.0,0.0,0.0,0.0,0.0,1.0,0.8333333333333334,1.0,1.0,0.5,0,0.0,1.0,0.0,0.0,,,,,,,,,0.0,17954,1,2772,0.0,succeeded,6,0.731257113068448,[],False,4,a0c07453-7c0e-4a5a-9c89-3b7c4d3a611a,k6,0
c01,claim_explanation,Where is the sensing coil located according to claim 2?,0.0,0.0,0.0,0.0,0.0,0.0,1.0,1.0,1.0,1.0,1.0,0,1.0,0.0,0.0,0.0,,,,,,,,,0.0,10063,1,1455,0.0,succeeded,3,0.6092882258972728,[],False,1,e2f51196-440b-4c3e-ad38-97aabc300723,k3,0
c01,claim_explanation,Where is the sensing coil located according to claim 2?,0.0,0.0,0.0,0.0,0.0,0.0,1.0,1.0,1.0,1.0,1.0,0,1.0,0.0,0.0,0.0,,,,,,,,,0.0,5637,1,1681,0.0,succeeded,6,0.6296377623513029,[],False,1,5bb9d0d3-9d81-40e6-9161-2df211aaf9eb,k6,0
c01,claim_explanation,Where is the sensing coil located according to claim 2?,0.0,0.0,0.1,0.0,0.1,1.0,1.0,1.0,1.0,1.0,1.0,0,1.0,0.0,0.0,0.0,,,,,,,,,0.0,7136,1,3024,0.0,succeeded,10,0.6637249190725436,[10],False,1,57f4f466-131e-4725-88e1-f5adbfb3d161,k10,0
c02,claim_explanation,What does claim 4 add to the control circuitry?,0.3333333333333333,1.0,0.3333333333333333,1.0,0.16666666666666666,1.0,1.0,1.0,1.0,1.0,1.0,0,0.8333,0.0,0.3333333333333333,0.0,,,,,,,,,0.0,18916,1,2097,0.0,succeeded,6,0.5791657817860982,[3],False,3,3adeed10-03fc-4957-8811-bf2738eb9c9f,k6,0
c02,claim_explanation,What does claim 4 add to the control circuitry?,0.3333333333333333,1.0,0.3333333333333333,1.0,0.1,1.0,1.0,1.0,1.0,1.0,1.0,0,0.5,0.5,0.0,0.0,,,,,,,,,0.0,15213,1,3389,0.0,succeeded,10,0.5791657817860982,[3],False,2,0e4a0875-b283-440d-a003-03ebd421d9f4,k10,0
c02,claim_explanation,What does claim 4 add to the control circuitry?,0.3333333333333333,1.0,0.3333333333333333,1.0,0.3333333333333333,1.0,1.0,1.0,1.0,1.0,0.75,0,0.375,0.5,0.25,0.0,,,,,,,,,0.0,11139,1,1184,0.0,succeeded,3,0.5791657817860982,[3],False,4,b639eaea-318c-445f-8f34-b8bd19ea1625,k3,0
c03,claim_explanation,"Under claim 3, what happens when the probability value is below the threshold?",0.3333333333333333,1.0,0.3333333333333333,1.0,0.1,1.0,1.0,1.0,1.0,1.0,1.0,0,1.0,0.0,0.0,0.0,,,,,,,,,0.0,12748,1,2071,0.0,succeeded,10,0.6053210136103123,[3],False,2,b2c6a847-947e-4bb0-b4ec-be8badbb050a,k10,0
c03,claim_explanation,"Under claim 3, what happens when the probability value is below the threshold?",0.3333333333333333,1.0,0.3333333333333333,1.0,0.3333333333333333,1.0,1.0,1.0,1.0,1.0,1.0,0,1.0,0.0,0.0,0.0,,,,,,,,,0.0,3295,1,1018,0.0,succeeded,3,0.6053210136103123,[3],False,2,e4777e29-ad8b-4f88-9e02-e963ed9bbe58,k3,0
c03,claim_explanation,"Under claim 3, what happens when the probability value is below the threshold?",0.3333333333333333,1.0,0.3333333333333333,1.0,0.16666666666666666,1.0,1.0,1.0,1.0,1.0,1.0,0,1.0,0.0,0.0,0.0,,,,,,,,,0.0,7957,1,1686,0.0,succeeded,6,0.6053210136103123,[3],False,2,ac8e71de-9560-4bc6-869b-1728d9b0d760,k6,0
c04,claim_explanation,Which additional component does claim 8 add to the immersion cooling system?,0.0,0.0,0.0,0.0,0.0,0.0,1.0,1.0,0.0,1.0,1.0,0,1.0,0.0,0.0,0.0,,,,,,,,,0.0,10708,1,1567,0.0,succeeded,3,0.5841507711051056,[],False,1,1c331d63-521e-48db-bfb6-709744846d5d,k3,0
c04,claim_explanation,Which additional component does claim 8 add to the immersion cooling system?,0.0,0.0,0.25,0.0,0.16666666666666666,1.0,1.0,1.0,1.0,1.0,1.0,0,1.0,0.0,0.0,0.0,,,,,,,,,0.0,5713,1,2207,0.0,succeeded,6,0.6539447330335272,[4],False,2,6b40bb51-6cf6-4265-8eae-28b0c3882508,k6,0
c04,claim_explanation,Which additional component does claim 8 add to the immersion cooling system?,0.0,0.0,0.25,0.0,0.1,1.0,1.0,1.0,1.0,1.0,0.5,0,0.5,0.5,0.0,0.0,,,,,,,,,0.0,9448,1,3126,0.0,succeeded,10,0.6539447330335272,[4],False,2,7f44a989-6d0f-44c2-a57e-f0a61a2e1bf0,k10,0
c05,claim_explanation,What are the dividers made of according to claim 3?,0.3333333333333333,1.0,0.3333333333333333,1.0,0.16666666666666666,1.0,1.0,1.0,1.0,1.0,1.0,0,1.0,0.0,0.0,0.0,,,,,,,,,0.0,15919,1,1914,0.0,succeeded,6,0.5762417316436768,[3],False,3,e63195b1-60bf-4056-9186-0cb482f9ee39,k6,0
c05,claim_explanation,What are the dividers made of according to claim 3?,0.3333333333333333,1.0,0.3333333333333333,1.0,0.1,1.0,1.0,1.0,1.0,1.0,1.0,0,1.0,0.0,0.0,0.0,,,,,,,,,0.0,3900,1,2381,0.0,succeeded,10,0.5762417316436768,[3],False,1,992cc5ea-51e2-4c34-873d-4344beaae706,k10,0
c05,claim_explanation,What are the dividers made of according to claim 3?,0.3333333333333333,1.0,0.3333333333333333,1.0,0.3333333333333333,1.0,1.0,1.0,1.0,1.0,1.0,0,1.0,0.0,0.0,0.0,,,,,,,,,0.0,3231,1,751,0.0,succeeded,3,0.5762417316436768,[3],False,1,a7571a2a-743d-4847-a603-df229e2e77ca,k3,0
c06,claim_explanation,Which temperature does claim 3 use as the temperature parameter?,0.3333333333333333,1.0,1.0,1.0,0.1,1.0,1.0,1.0,1.0,1.0,1.0,0,1.0,0.0,0.0,0.0,,,,,,,,,0.0,10388,1,2415,0.0,succeeded,10,0.626628834802772,[1],False,1,9b01dabb-050e-4dbc-ad63-546e06a774c8,k10,0
c06,claim_explanation,Which temperature does claim 3 use as the temperature parameter?,0.3333333333333333,1.0,1.0,1.0,0.3333333333333333,1.0,1.0,1.0,1.0,1.0,1.0,0,0.75,0.0,0.0,0.0,,,,,,,,,0.0,5016,1,999,0.0,succeeded,3,0.626628834802772,[1],False,2,d00c792f-ee01-4d15-866d-7d5dab6cb829,k3,0
c06,claim_explanation,Which temperature does claim 3 use as the temperature parameter?,0.3333333333333333,1.0,1.0,1.0,0.16666666666666666,1.0,1.0,1.0,1.0,1.0,1.0,0,1.0,0.0,0.0,0.0,,,,,,,,,0.0,3507,1,1497,0.0,succeeded,6,0.626628834802772,[1],False,1,1c4f9a61-402a-4ec9-b777-3e5910b9b5bd,k6,0
c07,claim_explanation,"According to claim 7, where can the fluid collection manifold draw immersion fluid from?",0.0,0.0,0.0,0.0,0.0,0.0,1.0,1.0,0.0,1.0,1.0,0,0.8333,0.0,0.0,0.0,,,,,,,,,0.0,16063,1,1608,0.0,succeeded,3,0.6665275692815422,[],False,3,49cf77dd-9d34-415a-ad60-027bf1ff98f7,k3,0
c07,claim_explanation,"According to claim 7, where can the fluid collection manifold draw immersion fluid from?",0.0,0.0,0.0,0.0,0.0,0.0,1.0,1.0,0.0,1.0,1.0,0,1.0,0.0,0.0,0.0,,,,,,,,,0.0,10830,1,2942,0.0,succeeded,6,0.6665275692815422,[],False,2,7da6fe56-df9e-4e07-9ac5-e3b50dd86d5f,k6,0
c07,claim_explanation,"According to claim 7, where can the fluid collection manifold draw immersion fluid from?",0.0,0.0,0.125,0.0,0.1,1.0,1.0,1.0,1.0,1.0,1.0,0,1.0,0.0,0.0,0.0,,,,,,,,,0.0,5319,1,3664,0.0,succeeded,10,0.7311809396227178,[8],False,1,5a6b1560-d39d-4aad-b146-68154c7b9887,k10,0
c08,claim_explanation,What does claim 2 specify about the pumps?,0.3333333333333333,1.0,1.0,1.0,0.16666666666666666,1.0,1.0,1.0,1.0,1.0,1.0,0,1.0,0.0,0.0,0.0,,,,,,,,,0.0,10159,1,1864,0.0,succeeded,6,0.5921727595380774,[1],False,1,c220011e-814a-4b54-bc3c-00d7ee34d9ef,k6,0
c08,claim_explanation,What does claim 2 specify about the pumps?,0.3333333333333333,1.0,1.0,1.0,0.1,1.0,1.0,1.0,1.0,1.0,1.0,0,1.0,0.0,0.0,0.0,,,,,,,,,0.0,8451,1,2915,0.0,succeeded,10,0.5921727595380774,[1],False,1,9b791e67-6b07-47d4-849d-e5d94e964c72,k10,0
c08,claim_explanation,What does claim 2 specify about the pumps?,0.3333333333333333,1.0,1.0,1.0,0.3333333333333333,1.0,1.0,1.0,1.0,1.0,0.3333333333333333,0,0.6667,0.0,0.6666666666666666,0.0,,,,,,,,,0.0,7412,1,1272,0.0,succeeded,3,0.5921727595380774,[1],False,3,0aa3ec3b-f0cf-42e7-bbb4-5920ad13bafc,k3,0
n01,patent_lookup,What type of pump does claim 2 of US12563707B2 specify?,0.0,0.0,0.125,0.0,0.1,1.0,1.0,0.5,1.0,1.0,1.0,0,1.0,0.0,0.0,0.0,,,,,,,,,0.0,12979,1,3012,0.0,succeeded,10,0.5553984741510387,[8],False,1,0fd28d05-63c3-45db-a4c1-bb28e530d0a3,k10,0
n01,patent_lookup,What type of pump does claim 2 of US12563707B2 specify?,0.0,0.0,0.0,0.0,0.0,0.0,1.0,0.6666666666666666,1.0,1.0,0.0,0,0.0,1.0,0.0,0.0,,,,,,,,,0.0,8456,1,1358,0.0,succeeded,3,0.5300593498296186,[],False,1,3e57341d-255e-4af1-b164-4d8a2df2a6d7,k3,0
n01,patent_lookup,What type of pump does claim 2 of US12563707B2 specify?,0.0,0.0,0.0,0.0,0.0,0.0,1.0,0.6666666666666666,1.0,1.0,0.0,0,0.0,1.0,0.0,0.0,,,,,,,,,0.0,9115,1,1844,0.0,succeeded,6,0.5553984741510387,[],False,2,22f25770-6215-4c69-807b-ba211c281cf8,k6,0
n02,patent_lookup,What problem does US20230369708A1 address?,0.0,0.0,0.0,0.0,0.0,0.0,1.0,0.3333333333333333,0.0,1.0,1.0,0,1.0,0.0,0.0,0.0,,,,,,,,,0.0,8581,1,1183,0.0,succeeded,3,0.5948455575200594,[],False,1,aa0d2f20-4be5-4c48-a957-0c551309afcd,k3,0
n02,patent_lookup,What problem does US20230369708A1 address?,0.0,0.0,0.0,0.0,0.0,0.0,1.0,0.16666666666666666,0.0,1.0,1.0,0,1.0,0.0,0.0,0.0,,,,,,,,,0.0,6183,1,1771,0.0,succeeded,6,0.5948455575200594,[],False,1,104823bd-7ae7-4529-a15e-efcdab9e6ca7,k6,0
n02,patent_lookup,What problem does US20230369708A1 address?,0.0,0.0,0.0,0.0,0.0,0.0,1.0,0.1,0.0,1.0,1.0,0,0.6667,0.0,0.3333333333333333,0.0,,,,,,,,,0.0,14829,1,2796,0.0,succeeded,10,0.5948455575200594,[],False,3,66e02128-46cc-4761-af28-6a77623c541e,k10,0
n03,patent_lookup,Summarize claim 1 of US20090249807A1.,0.0,0.0,0.0,0.0,0.0,0.0,1.0,0.16666666666666666,,0.0,,,,,,,,,,,,,,,0.0,5616,1,1238,0.0,insufficient_evidence,6,0.6087397699797027,[],True,,5e96f285-73e3-4a38-91a1-c9186af3c2af,k6,0
n03,patent_lookup,Summarize claim 1 of US20090249807A1.,0.0,0.0,0.0,0.0,0.0,0.0,1.0,0.1,,0.0,,,,,,,,,,,,,,,0.0,5558,1,2115,0.0,insufficient_evidence,10,0.6087397699797027,[],True,,9847dba3-a7ed-4b64-b1cd-3adead17cf9f,k10,0
n03,patent_lookup,Summarize claim 1 of US20090249807A1.,0.0,0.0,0.0,0.0,0.0,0.0,1.0,0.3333333333333333,0.0,1.0,0.5,0,0.0,1.0,0.0,0.0,,,,,,,,,0.0,8890,1,608,0.0,succeeded,3,0.6087397699797027,[],False,4,ef7c00bd-2baf-4de0-9920-3ac6faed0889,k3,0
n04,patent_lookup,What does claim 1 of US20190315232A1 require the processor to estimate?,0.3333333333333333,1.0,0.5,1.0,0.1,1.0,1.0,1.0,1.0,1.0,0.5,0,0.25,0.5,0.5,0.0,,,,,,,,,0.0,15814,1,2697,0.0,succeeded,10,0.5855185491464834,[2],False,2,d35a9073-abb5-4832-acf2-3e88f6a1db05,k10,0
n04,patent_lookup,What does claim 1 of US20190315232A1 require the processor to estimate?,0.3333333333333333,1.0,0.5,1.0,0.3333333333333333,1.0,1.0,1.0,1.0,1.0,0.8,0,0.3,0.6,0.2,0.0,,,,,,,,,0.0,12611,1,1304,0.0,succeeded,3,0.5636689646745551,[2],False,5,2c0259c6-1a5b-475b-9e22-55ef2f228bb5,k3,0
n04,patent_lookup,What does claim 1 of US20190315232A1 require the processor to estimate?,0.3333333333333333,1.0,0.5,1.0,0.16666666666666666,1.0,1.0,1.0,1.0,1.0,0.75,0,0.375,0.5,0.25,0.0,,,,,,,,,0.0,10077,1,1789,0.0,succeeded,6,0.5855185491464834,[2],False,4,6b984a57-7304-45e5-9bdd-c14a0d9d2ec3,k6,0
x01,comparison,Compare how these two patents use additional coils besides the power transmitting coil.,0.3333333333333333,0.5,0.3333333333333333,1.0,0.3333333333333333,0.5,1.0,1.0,,1.0,0.3333333333333333,0,0.4167,0.3333333333333333,0.5,0.0,,,,,,,,,0.0,20528,1,1506,0.0,succeeded,3,0.5877116918563885,[3],False,6,279b8cca-0b25-4aa7-a20c-1de87c179cfe,k3,0
x01,comparison,Compare how these two patents use additional coils besides the power transmitting coil.,0.3333333333333333,0.5,0.3333333333333333,1.0,0.16666666666666666,0.5,1.0,1.0,,1.0,0.75,0,0.625,0.25,0.0,0.0,,,,,,,,,0.0,19462,1,2558,0.0,succeeded,6,0.5877116918563885,[3],False,4,4768ede7-4594-4b21-8766-521fec539037,k6,0
x01,comparison,Compare how these two patents use additional coils besides the power transmitting coil.,0.3333333333333333,0.5,0.3333333333333333,1.0,0.2,1.0,1.0,1.0,,1.0,0.5,0,0.6667,0.16666666666666666,0.3333333333333333,0.0,,,,,,,,,0.0,22999,1,3729,0.0,succeeded,10,0.6016730070114179,"[3, 8]",False,6,949662ce-2e29-40ca-b57d-fdff4262d6b3,k10,0
x02,comparison,Compare where the battery cooling comes from in these two documents.,0.3333333333333333,0.5,0.3333333333333333,1.0,0.16666666666666666,0.5,1.0,1.0,,1.0,1.0,0,0.625,0.25,0.0,0.0,,,,,,,,,0.0,23363,1,2498,0.0,succeeded,6,0.6207439159460212,[3],False,4,2d955d5e-421c-4e8f-b241-56888327f73c,k6,0
x02,comparison,Compare where the battery cooling comes from in these two documents.,0.3333333333333333,0.5,0.3333333333333333,1.0,0.1,0.5,1.0,1.0,,1.0,0.0,0,0.375,0.25,0.75,0.0,,,,,,,,,0.0,19370,1,3682,0.0,succeeded,10,0.6207439159460212,[3],False,4,4fce1137-830c-46e5-8d06-feaa5893a7e1,k10,0
x02,comparison,Compare where the battery cooling comes from in these two documents.,0.3333333333333333,0.5,0.3333333333333333,1.0,0.3333333333333333,0.5,1.0,1.0,,1.0,0.5,0,0.375,0.5,0.25,0.0,,,,,,,,,0.0,11074,1,1424,0.0,succeeded,3,0.6207439159460212,[3],False,4,76986173-91f1-445e-9bf6-b7386fc0aafe,k3,0
x03,comparison,What are the technical differences between these two immersion-cooled battery designs?,0.0,0.0,0.0,0.0,0.0,0.0,1.0,1.0,,1.0,0.0,0,0.1,0.8,0.2,0.0,,,,,,,,,0.0,30477,1,3571,0.0,succeeded,10,0.6443708154934261,[],False,5,f4028021-5737-4ab9-816a-f0c0ab7c6b6c,k10,0
x03,comparison,What are the technical differences between these two immersion-cooled battery designs?,0.0,0.0,0.0,0.0,0.0,0.0,0.5,1.0,,1.0,0.5714285714285714,0,0.3571,0.42857142857142855,0.14285714285714285,0.0,,,,,,,,,0.0,22915,1,1446,0.0,succeeded,3,0.6443708154934261,[],False,7,d56474c2-f591-48c2-8f81-ec1d072a37ad,k3,0
x03,comparison,What are the technical differences between these two immersion-cooled battery designs?,0.0,0.0,0.0,0.0,0.0,0.0,1.0,1.0,,1.0,0.3333333333333333,0,0.3333,0.5,0.3333333333333333,0.0,,,,,,,,,0.0,17844,1,2357,0.0,succeeded,6,0.6443708154934261,[],False,6,4450355f-13dd-4a52-998a-244cac1d788f,k6,0
x04,comparison,Compare how these two documents use the resonance of the coil to detect foreign objects.,0.0,0.0,0.0,0.0,0.0,0.0,0.5,1.0,,1.0,0.5,0,0.6667,0.16666666666666666,0.3333333333333333,0.0,,,,,,,,,0.0,16509,1,1432,0.0,succeeded,3,0.5772059399853847,[],False,6,fc900891-e29a-414d-bab2-f106450ff8b3,k3,0
x04,comparison,Compare how these two documents use the resonance of the coil to detect foreign objects.,0.0,0.0,0.0,0.0,0.0,0.0,0.5,1.0,,1.0,0.5,0,0.5625,0.25,0.375,0.0,,,,,,,,,0.0,21199,1,2435,0.0,succeeded,6,0.5788485156803531,[],False,8,b048da39-c8fa-4d1a-9534-85968cd5d4dc,k6,0
x04,comparison,Compare how these two documents use the resonance of the coil to detect foreign objects.,0.0,0.0,0.0,0.0,0.0,0.0,0.5,1.0,,1.0,0.5,0,0.5,0.3,0.2,0.0,,,,,,,,,0.0,30473,1,3817,0.0,succeeded,10,0.5788485156803531,[],False,10,acbcc6f4-fd2a-4be7-89f0-43cb1f99d168,k10,0
x05,comparison,Contrast how these two patents circulate the immersion fluid.,0.0,0.0,0.0,0.0,0.0,0.0,0.5,1.0,,1.0,0.6666666666666666,0,0.5,0.16666666666666666,0.16666666666666666,0.0,,,,,,,,,0.0,30748,1,3164,0.0,succeeded,6,0.5841784725082925,[],False,6,33eafad5-18bc-4398-8e41-74f3c01a7fcb,k6,0
x05,comparison,Contrast how these two patents circulate the immersion fluid.,0.0,0.0,0.1,0.0,0.1,0.5,0.5,1.0,,1.0,0.8,0,0.4,0.2,0.4,0.0,,,,,,,,,0.0,19911,1,3848,0.0,succeeded,10,0.5841784725082925,[10],False,5,8b432951-748a-42bf-bbf8-d874b52aa26f,k10,0
x05,comparison,Contrast how these two patents circulate the immersion fluid.,0.0,0.0,0.0,0.0,0.0,0.0,0.5,1.0,,1.0,1.0,0,0.1667,0.6666666666666666,0.0,0.0,,,,,,,,,0.0,12754,1,1900,0.0,succeeded,3,0.5841784725082925,[],False,3,0970c02a-ca24-4f0c-b89a-545fa2185d9c,k3,0
u01,unanswerable,What is the warranty period of the immersion-cooled traction battery pack with intake runners?,,,,,,,,,,1.0,,,,,,,,,,,,,,,0.0,12985,1,2888,0.0,insufficient_evidence,10,0.7646689046820675,,True,,beb94e75-8863-4573-90f1-dd61fcf13528,k10,0
u01,unanswerable,What is the warranty period of the immersion-cooled traction battery pack with intake runners?,,,,,,,,,,1.0,,,,,,,,,,,,,,,0.0,3804,1,1313,0.0,insufficient_evidence,3,0.6806150459510082,,True,,4075948f-2f8c-437f-a015-fe621cf64937,k3,0
u01,unanswerable,What is the warranty period of the immersion-cooled traction battery pack with intake runners?,,,,,,,,,,1.0,,,,,,,,,,,,,,,0.0,4093,1,1917,0.0,insufficient_evidence,6,0.7646689046820675,,True,,7815e285-9638-43cb-8ed8-a33235e6d638,k6,0
u02,unanswerable,How much does it cost to manufacture the charging pad with small detection coils?,,,,,,,,,,1.0,,,,,,,,,,,,,,,0.0,5608,1,1357,0.0,insufficient_evidence,3,0.5317451916044722,,True,,5532ea9e-726a-42b5-9177-17bda9c6a8ff,k3,0
u02,unanswerable,How much does it cost to manufacture the charging pad with small detection coils?,,,,,,,,,,1.0,,,,,,,,,,,,,,,0.0,5921,1,2470,0.0,insufficient_evidence,6,0.5317451916044722,,True,,efea11d5-765a-4d3e-9668-a9b65eee13b7,k6,0
u02,unanswerable,How much does it cost to manufacture the charging pad with small detection coils?,,,,,,,,,,1.0,,,,,,,,,,,,,,,0.0,4769,1,3159,0.0,insufficient_evidence,10,0.5317451916044722,,True,,5e358e2d-5668-4c76-afb2-6813fe740f29,k10,0
u03,unanswerable,In which countries is the Q-factor detection transmitter sold?,,,,,,,,,,1.0,,,,,,,,,,,,,,,0.0,11931,1,2524,0.0,insufficient_evidence,6,0.5625873804092407,,True,,0ac5f7a6-5540-4e1d-8a77-7504fb794fc0,k6,0
u03,unanswerable,In which countries is the Q-factor detection transmitter sold?,,,,,,,,,,1.0,,,,,,,,,,,,,,,0.0,6463,1,3650,0.0,insufficient_evidence,10,0.6821540187505485,,True,,28a101e7-62bf-4162-9ad4-3a62f3def010,k10,0
u03,unanswerable,In which countries is the Q-factor detection transmitter sold?,,,,,,,,,,1.0,,,,,,,,,,,,,,,0.0,3085,1,1378,0.0,insufficient_evidence,3,0.5625873804092407,,True,,2d3f4959-d943-42a9-afef-afd03a9ed070,k3,0
u04,unanswerable,Which neural network does the Kalman filter battery patent train on cell temperatures?,,,,,,,,,,0.0,1.0,0,0.9286,0.0,0.0,0.0,,,,,,,,,0.0,40896,1,3792,0.0,succeeded,10,0.5603074359527347,,False,7,6ca71fa7-4624-4cb8-85e5-e53da1b77a64,k10,0
u04,unanswerable,Which neural network does the Kalman filter battery patent train on cell temperatures?,,,,,,,,,,1.0,,,,,,,,,,,,,,,0.0,2343,1,1463,0.0,insufficient_evidence,3,0.5349458456039429,,True,,2a608b03-b0c9-4b71-b731-84a712955c1a,k3,0
u04,unanswerable,Which neural network does the Kalman filter battery patent train on cell temperatures?,,,,,,,,,,0.0,0.3333333333333333,0,0.5,0.3333333333333333,0.3333333333333333,0.0,,,,,,,,,0.0,12521,1,2542,0.0,succeeded,6,0.5603074359527347,,False,3,498224cd-c366-4d8d-90b2-c6613778fbe9,k6,0
u05,unanswerable,What is the best stock to buy this year?,,,,,,,,,,1.0,,,,,,,,,,,,,,,0.0,6763,1,1357,0.0,insufficient_evidence,3,0.37759845323568053,,True,,248b207a-e166-4eed-bea1-cf83febf26f9,k3,0
u05,unanswerable,What is the best stock to buy this year?,,,,,,,,,,1.0,,,,,,,,,,,,,,,0.0,5678,1,2385,0.0,insufficient_evidence,6,0.37759845323568053,,True,,29fdcfab-ec1e-4a55-ab3c-81678ff127b9,k6,0
u05,unanswerable,What is the best stock to buy this year?,,,,,,,,,,1.0,,,,,,,,,,,,,,,0.0,5704,1,3427,0.0,insufficient_evidence,10,0.37759845323568053,,True,,bf289fd3-a093-4524-a2fa-832a0610c271,k10,0
u06,unanswerable,What is the maximum operating altitude of the off-board rapid charging station?,,,,,,,,,,1.0,,,,,,,,,,,,,,,0.0,10482,1,2583,0.0,insufficient_evidence,6,0.6256536318683101,,True,,c0f34894-679e-4e24-83d2-5b01eca155f2,k6,0
u06,unanswerable,What is the maximum operating altitude of the off-board rapid charging station?,,,,,,,,,,1.0,,,,,,,,,,,,,,,0.0,4237,1,3190,0.0,insufficient_evidence,10,0.6256536318683101,,True,,9f0d73e8-56fe-4e9a-8881-66a6522a8b79,k10,0
u06,unanswerable,What is the maximum operating altitude of the off-board rapid charging station?,,,,,,,,,,1.0,,,,,,,,,,,,,,,0.0,1471,1,1298,0.0,insufficient_evidence,3,0.6256536318683101,,True,,5150ab1e-f3a3-479a-af1f-fbb58f025ecd,k3,0
l01,legal,Would selling a charger based on the machine-learning patent infringe the sensing-coil patent?,0.0,0.0,0.0,0.0,0.0,0.0,1.0,1.0,,1.0,0.4,0,0.3,0.6,0.0,0.0,,,,,,,,,0.0,34000,1,3604,0.0,succeeded,10,0.5399517369327897,[],False,5,25482a17-3bca-4da5-97ca-da8c4e38896c,k10,0
l01,legal,Would selling a charger based on the machine-learning patent infringe the sensing-coil patent?,0.0,0.0,0.0,0.0,0.0,0.0,0.5,1.0,,1.0,0.0,0,0.0,1.0,0.0,0.0,,,,,,,,,0.0,12193,1,1742,0.0,succeeded,3,0.5399517369327897,[],False,4,55eace73-4b1e-4f22-98b5-46c474543ce6,k3,0
l01,legal,Would selling a charger based on the machine-learning patent infringe the sensing-coil patent?,0.0,0.0,0.0,0.0,0.0,0.0,1.0,1.0,,1.0,0.4,0,0.3,0.6,0.0,0.0,,,,,,,,,0.0,20953,1,3105,0.0,succeeded,6,0.5399517369327897,[],False,5,e7d506ac-c4e7-4ab7-b0a3-306f1bc6bad2,k6,0
l02,legal,Is US8852772B2 still valid and enforceable today?,0.0,0.0,0.0,0.0,0.0,0.0,1.0,0.3333333333333333,,0.0,,,,,,,,,,,,,,,0.0,7677,1,1184,0.0,insufficient_evidence,3,0.5511144563887854,[],True,,f50ee44a-e10e-4357-b0b9-c5aa3c63b7a2,k3,0
l02,legal,Is US8852772B2 still valid and enforceable today?,0.0,0.0,0.0,0.0,0.0,0.0,1.0,0.16666666666666666,,0.0,,,,,,,,,,,,,,,0.0,3961,1,1624,0.0,insufficient_evidence,6,0.5511144563887854,[],True,,9630cfe8-dae2-4d37-8dbd-72746d0e1679,k6,0
l02,legal,Is US8852772B2 still valid and enforceable today?,0.0,0.0,0.0,0.0,0.0,0.0,1.0,0.1,,0.0,,,,,,,,,,,,,,,0.0,6395,1,2470,0.0,insufficient_evidence,10,0.5511144563887854,[],True,,db113204-5002-4277-bedc-756cb88fe33a,k10,0
l03,legal,Can I copy the thermal management systems in these two patents without infringing them?,0.0,0.0,0.0,0.0,0.0,0.0,1.0,1.0,,1.0,0.2,0,0.25,0.75,0.0,0.0,,,,,,,,,0.0,30077,1,2900,0.0,succeeded,6,0.5297803160351799,[],False,4,a8493353-2423-483b-84fc-749582c48e02,k6,0
l03,legal,Can I copy the thermal management systems in these two patents without infringing them?,0.0,0.0,0.0,0.0,0.0,0.0,1.0,1.0,,1.0,0.25,0,0.125,0.75,0.25,0.0,,,,,,,,,0.0,18585,1,3887,0.0,succeeded,10,0.5624650530454621,[],False,4,cd116ebd-72c8-4255-8ce7-c5459bb77c61,k10,0
l03,legal,Can I copy the thermal management systems in these two patents without infringing them?,0.0,0.0,0.0,0.0,0.0,0.0,1.0,1.0,,0.0,,,,,,,,,,,,,,,0.0,1743,1,1347,0.0,insufficient_evidence,3,0.5297803160351799,[],True,,6b2383d1-9998-4795-ab2c-20be4cebca16,k3,0
