item_id,item_type,question,precision_at_k,recall_at_k,mrr,hit_at_k,context_precision,context_recall,source_recall,source_precision,key_fact_recall,abstention_correct,citation_coverage,invalid_citations,grounding_score,unsupported_rate,misattribution_rate,regenerated,regeneration_gain,cell_coverage,cross_source_citations,intent_correct,tool_precision,tool_recall,tools_exact,legal_flag_correct,failed,latency_ms,llm_calls,total_tokens,cost_usd,status,n_retrieved,top_similarity,relevant_ranks,abstained,claims_checked,run_id,variant,repeat,tools_used,intent
t01,lookup,How can the Q-factor be estimated by simply counting oscillations of the capacitor voltage?,0.0,0.0,0.0,0.0,0.0,0.0,1.0,1.0,0.0,1.0,0.8333333333333334,0,0.75,0.0,0.16666666666666666,0.0,,,,,,,,,0.0,14831,1,2582,0.0,succeeded,6,0.6961979451061532,[],False,6,44667fbe-f849-4821-8a4b-e4b5e34d45e9,baseline,0,,
t01,lookup,How can the Q-factor be estimated by simply counting oscillations of the capacitor voltage?,0.0,0.0,0.0,0.0,0.0,0.0,1.0,1.0,0.0,1.0,0.8333333333333334,0,0.75,0.0,0.16666666666666666,0.0,,,,1.0,1.0,1.0,1.0,,0.0,16551,2,2895,0.0,succeeded,6,0.6961979451061532,[],False,6,f2424956-8435-4d79-9d5c-74f63480d32c,agentic,0,"[""search_uploaded_documents""]",document_qa
t02,lookup,"Besides detecting foreign objects, what else can an array of small detection coils tell the charger?",0.2,1.0,0.5,1.0,0.16666666666666666,1.0,1.0,1.0,1.0,1.0,1.0,0,0.8,0.0,0.4,0.0,,,,1.0,1.0,1.0,1.0,,0.0,23733,2,3157,0.0,succeeded,6,0.705395758152013,[2],False,5,cb38d4b2-769b-4fb2-bcff-6bc460bb27b1,agentic,0,"[""search_uploaded_documents""]",document_qa
t02,lookup,"Besides detecting foreign objects, what else can an array of small detection coils tell the charger?",0.2,1.0,0.5,1.0,0.16666666666666666,1.0,1.0,1.0,1.0,1.0,1.0,0,0.8,0.0,0.4,0.0,,,,,,,,,0.0,10913,1,2847,0.0,succeeded,6,0.705395758152013,[2],False,5,77c3db2e-e425-4728-9ad3-8403c1cf9715,baseline,0,,
t03,lookup,Why is the coil-based foreign object detection preferably done while no power is being transferred?,0.0,0.0,0.0,0.0,0.0,0.0,1.0,1.0,0.0,1.0,0.75,0,0.5,0.25,0.0,0.0,,,,,,,,,0.0,24753,1,3104,0.0,succeeded,6,0.6768325567245531,[],False,4,cc09b284-05b2-465a-8784-907eac9d0b23,baseline,0,,
t03,lookup,Why is the coil-based foreign object detection preferably done while no power is being transferred?,0.0,0.0,0.125,0.0,0.125,0.5,1.0,1.0,0.0,1.0,0.6666666666666666,0,0.5,0.3333333333333333,0.0,1.0,0.0,,,1.0,1.0,1.0,1.0,,0.0,40240,3,7230,0.0,succeeded,8,0.6768325567245531,[8],False,3,e08e085e-c2f3-4a9a-b885-71756d13377a,agentic,0,"[""search_uploaded_documents""]",document_qa
t04,lookup,Why can a second charger nearby make the Q factor measurement unreliable?,0.0,0.0,0.0,0.0,0.0,0.0,0.0,0.0,0.0,1.0,1.0,0,0.0,1.0,0.0,1.0,0,,,1.0,1.0,1.0,1.0,,0.0,53498,3,6680,0.0,succeeded,9,0.7383669926682772,[],False,4,47632056-bc65-4f8e-99c1-2f5332d42e33,agentic,0,"[""search_uploaded_documents""]",document_qa
t04,lookup,Why can a second charger nearby make the Q factor measurement unreliable?,0.0,0.0,0.0,0.0,0.0,0.0,0.0,0.0,0.0,1.0,0.5,0,0.0,1.0,0.0,0.0,,,,,,,,,0.0,14421,1,2582,0.0,succeeded,6,0.6361185853693351,[],False,4,e2748b25-c322-4737-a4e6-0dd94b9f3005,baseline,0,,
t05,lookup,Which everyday objects are given as examples of foreign objects in the patent that uses a reference peak frequency?,0.0,0.0,0.0,0.0,0.0,0.0,1.0,1.0,0.0,1.0,0.6666666666666666,0,0.3333,0.3333333333333333,0.3333333333333333,0.0,,,,,,,,,0.0,21756,1,2709,0.0,succeeded,6,0.5769078731536865,[],False,3,12cacd22-194c-41e7-ba03-1d54944c3814,baseline,0,,
t05,lookup,Which everyday objects are given as examples of foreign objects in the patent that uses a reference peak frequency?,0.0,0.0,0.0,0.0,0.0,0.0,1.0,1.0,0.0,1.0,0.3333333333333333,0,0.4167,0.3333333333333333,0.3333333333333333,1.0,0.08340000000000003,,,1.0,1.0,1.0,1.0,,0.0,48846,3,6456,0.0,succeeded,8,0.681655566791033,[],False,6,3901cf2f-f5c5-456c-b30a-1018d70c4c08,agentic,0,"[""search_uploaded_documents""]",document_qa
t06,lookup,Which kinds of sensors have previously been used to detect objects on electric vehicle wireless charging pads?,0.0,0.0,0.0,0.0,0.0,0.0,1.0,0.3333333333333333,0.0,1.0,0.6666666666666666,0,0.75,0.16666666666666666,0.16666666666666666,1.0,0.0,,,1.0,1.0,1.0,1.0,,0.0,50681,3,5845,0.0,succeeded,6,0.6405755663261167,[],False,6,d9374bfd-942d-496e-accf-d7ab638daede,agentic,0,"[""search_uploaded_documents""]",document_qa
t06,lookup,Which kinds of sensors have previously been used to detect objects on electric vehicle wireless charging pads?,0.0,0.0,0.0,0.0,0.0,0.0,1.0,0.3333333333333333,0.0,1.0,0.8,0,0.9,0.0,0.2,0.0,,,,,,,,,0.0,11674,1,2676,0.0,succeeded,6,0.6405755663261167,[],False,5,c3e3ec94-236c-4ae1-a9e1-7db277206e68,baseline,0,,
t07,lookup,Which hazards is object detection on the vehicle charging pad meant to prevent?,0.2,1.0,0.5,1.0,0.16666666666666666,1.0,1.0,0.5,1.0,1.0,1.0,0,0.6667,0.3333333333333333,0.0,0.0,,,,,,,,,0.0,18877,1,2750,0.0,succeeded,6,0.59950991871894,[2],False,3,0470a100-211a-4459-8ed2-c5cac7b5ab40,baseline,0,,
t07,lookup,Which hazards is object detection on the vehicle charging pad meant to prevent?,0.2,1.0,0.5,1.0,0.16666666666666666,1.0,1.0,0.5,1.0,1.0,1.0,0,0.6667,0.3333333333333333,0.0,1.0,0.0,,,1.0,1.0,1.0,1.0,,0.0,30300,3,6188,0.0,succeeded,6,0.59950991871894,[2],False,3,3c34d6eb-521f-44d2-b2bf-84c8bf5f107b,agentic,0,"[""search_uploaded_documents""]",document_qa
t08,lookup,Which measurements are gathered from each coil for the machine-learning foreign object detection?,0.0,0.0,0.0,0.0,0.0,0.0,1.0,0.3333333333333333,1.0,1.0,1.0,0,1.0,0.0,0.0,0.0,,,,1.0,1.0,1.0,1.0,,0.0,19711,2,3264,0.0,succeeded,6,0.6820434087385618,[],False,2,39f09937-afab-462c-a477-1e10591abaf0,agentic,0,"[""search_uploaded_documents""]",document_qa
t08,lookup,Which measurements are gathered from each coil for the machine-learning foreign object detection?,0.0,0.0,0.0,0.0,0.0,0.0,1.0,0.3333333333333333,1.0,1.0,1.0,0,1.0,0.0,0.0,0.0,,,,,,,,,0.0,6079,1,2952,0.0,succeeded,6,0.6820434087385618,[],False,2,8bf4b4de-2096-429d-bf8d-43621fd808f2,baseline,0,,
t09,lookup,How much heat must the heat exchanger absorb during a 300 kW rapid recharge?,0.2,1.0,0.5,1.0,0.16666666666666666,1.0,1.0,0.8333333333333334,1.0,1.0,1.0,0,0.75,0.0,0.5,0.0,,,,,,,,,0.0,18511,1,2767,0.0,succeeded,6,0.6959300274765524,[2],False,2,92e1542d-00af-4369-929e-4533ca256951,baseline,0,,
t09,lookup,How much heat must the heat exchanger absorb during a 300 kW rapid recharge?,0.2,1.0,0.5,1.0,0.16666666666666666,1.0,1.0,0.8333333333333334,1.0,1.0,1.0,0,0.75,0.0,0.5,0.0,,,,1.0,1.0,1.0,1.0,,0.0,11079,2,3072,0.0,succeeded,6,0.6959300274765524,[2],False,2,e27239fb-cd39-453e-abfc-19b5c99b61b7,agentic,0,"[""search_uploaded_documents""]",document_qa
t10,lookup,How thick are the on-board coolant pipes in the Tesla Model S example?,0.0,0.0,0.0,0.0,0.0,0.0,1.0,1.0,,0.0,,,,,,,,,,1.0,1.0,1.0,1.0,,0.0,12753,2,2724,0.0,insufficient_evidence,6,0.6676156122913699,[],True,,e3a586a7-d165-470a-bdc9-4c8167a70895,agentic,0,"[""search_uploaded_documents""]",document_qa
t10,lookup,How thick are the on-board coolant pipes in the Tesla Model S example?,0.0,0.0,0.0,0.0,0.0,0.0,1.0,1.0,,0.0,,,,,,,,,,,,,,,0.0,1741,1,2415,0.0,insufficient_evidence,6,0.6676156122913699,[],True,,f8f87531-85f6-4eef-bb78-e6e7ff3b96dc,baseline,0,,
t11,lookup,In which situations may a large electric vehicle battery still need active cooling?,0.0,0.0,0.0,0.0,0.0,0.0,1.0,0.5,0.0,1.0,0.75,0,0.625,0.25,0.25,0.0,,,,,,,,,0.0,20358,1,2728,0.0,succeeded,6,0.6745447502354246,[],False,4,5519659a-3e95-4082-91b9-aa0acad79807,baseline,0,,
t11,lookup,In which situations may a large electric vehicle battery still need active cooling?,0.0,0.0,0.0,0.0,0.0,0.0,1.0,0.5,0.0,1.0,0.75,0,0.625,0.25,0.25,1.0,0.0,,,1.0,1.0,1.0,1.0,,0.0,29296,3,5770,0.0,succeeded,6,0.6745447502354246,[],False,4,0aeebeb4-a60d-434c-8959-3d176a2a5a93,agentic,0,"[""search_uploaded_documents""]",document_qa
t12,lookup,Which two models are used in the prediction stage of the battery temperature estimate?,0.2,1.0,1.0,1.0,0.16666666666666666,1.0,1.0,0.3333333333333333,1.0,1.0,1.0,0,1.0,0.0,0.0,0.0,,,,1.0,1.0,1.0,1.0,,0.0,13870,2,2741,0.0,succeeded,6,0.6943349424400972,[1],False,1,4a4da500-3152-45fe-87d4-60a7a2170f0d,agentic,0,"[""search_uploaded_documents""]",document_qa
t12,lookup,Which two models are used in the prediction stage of the battery temperature estimate?,0.2,1.0,1.0,1.0,0.16666666666666666,1.0,1.0,0.3333333333333333,1.0,1.0,1.0,0,1.0,0.0,0.0,0.0,,,,,,,,,0.0,1846,1,2434,0.0,succeeded,6,0.6943349424400972,[1],False,1,2cc30cbd-3138-4ffc-9092-80d7e2a364f7,baseline,0,,
t13,lookup,Does the battery temperature estimation software have to be written in a particular programming language?,0.0,0.0,0.0,0.0,0.0,0.0,1.0,0.16666666666666666,0.0,1.0,0.5,0,0.0,1.0,0.0,0.0,,,,,,,,,0.0,13250,1,2483,0.0,succeeded,6,0.6180085030779213,[],False,1,585d5cb3-dcd1-4582-acaf-800f38ab84a1,baseline,0,,
t13,lookup,Does the battery temperature estimation software have to be written in a particular programming language?,0.0,0.0,0.0,0.0,0.0,0.0,1.0,0.16666666666666666,0.0,1.0,1.0,0,0.0,1.0,0.0,1.0,0,,,1.0,1.0,1.0,1.0,,0.0,18507,3,5307,0.0,succeeded,6,0.6180085030779213,[],False,1,f5c8a8db-b5ba-42f9-8766-391fa04c7187,agentic,0,"[""search_uploaded_documents""]",document_qa
t14,lookup,How is the battery warmed when the cabin air conditioning is off in the combined HVAC and battery system?,0.2,1.0,0.5,1.0,0.16666666666666666,1.0,1.0,0.3333333333333333,1.0,1.0,1.0,0,0.6667,0.3333333333333333,0.0,1.0,0.0,,,1.0,1.0,1.0,1.0,,0.0,45580,3,6248,0.0,succeeded,6,0.676364818052676,[2],False,3,f457be34-73ff-4d23-80bf-46efee751aef,agentic,0,"[""search_uploaded_documents""]",document_qa
t14,lookup,How is the battery warmed when the cabin air conditioning is off in the combined HVAC and battery system?,0.2,1.0,0.5,1.0,0.16666666666666666,1.0,1.0,0.3333333333333333,1.0,1.0,1.0,0,0.6667,0.3333333333333333,0.0,0.0,,,,,,,,,0.0,12198,1,2773,0.0,succeeded,6,0.676364818052676,[2],False,3,1af5fe93-2d70-44fa-9cb9-5d0edc609af6,baseline,0,,
t15,lookup,When is the traction battery cooled by the radiator without using the chiller?,0.2,1.0,0.5,1.0,0.16666666666666666,1.0,1.0,0.6666666666666666,1.0,1.0,1.0,0,1.0,0.0,0.0,0.0,,,,,,,,,0.0,19713,1,2976,0.0,succeeded,6,0.6992486298532123,[2],False,4,e4bcbcd6-a4ac-4312-9950-fddf58580d48,baseline,0,,
t15,lookup,When is the traction battery cooled by the radiator without using the chiller?,0.2,1.0,0.5,1.0,0.16666666666666666,1.0,1.0,0.6666666666666666,1.0,1.0,1.0,0,1.0,0.0,0.0,0.0,,,,1.0,1.0,1.0,1.0,,0.0,12935,2,3283,0.0,succeeded,6,0.6992486298532123,[2],False,4,b40cb07a-44fe-43d0-8073-955dfeedb7bd,agentic,0,"[""search_uploaded_documents""]",document_qa
t16,lookup,What is the condenser fan speed command calculated from?,0.2,1.0,1.0,1.0,0.16666666666666666,1.0,1.0,1.0,0.0,1.0,0.6666666666666666,0,0.8333,0.0,0.3333333333333333,0.0,,,,1.0,1.0,1.0,1.0,,0.0,24317,2,3362,0.0,succeeded,6,0.724639031334044,[1],False,3,b8cd32de-02c9-464f-baba-0a540302ad6a,agentic,0,"[""search_uploaded_documents""]",document_qa
t16,lookup,What is the condenser fan speed command calculated from?,0.2,1.0,1.0,1.0,0.16666666666666666,1.0,1.0,1.0,0.0,1.0,0.6666666666666666,0,0.8333,0.0,0.3333333333333333,0.0,,,,,,,,,0.0,10534,1,3058,0.0,succeeded,6,0.724639031334044,[1],False,3,e3a3ac90-a0b4-40a3-8bd7-4bca6ff1efdb,baseline,0,,
t17,lookup,What conditions can cause a battery thermal event in the immersion-cooled traction battery pack?,0.0,0.0,0.0,0.0,0.0,0.0,1.0,0.5,0.0,1.0,1.0,0,0.6,0.2,0.0,0.0,,,,,,,,,0.0,21510,1,2185,0.0,succeeded,6,0.8175534253583383,[],False,5,aeb90c41-7668-4f7b-a0e4-73447d988156,baseline,0,,
t17,lookup,What conditions can cause a battery thermal event in the immersion-cooled traction battery pack?,0.0,0.0,0.0,0.0,0.0,0.0,1.0,0.5,0.0,1.0,1.0,0,0.7,0.2,0.0,1.0,0.0,,,1.0,1.0,1.0,1.0,,0.0,34012,3,5128,0.0,succeeded,6,0.8175534253583383,[],False,5,9fb0c6ec-434f-44a0-988b-cca8a4d620b4,agentic,0,"[""search_uploaded_documents""]",document_qa
t18,lookup,How does the grouped-cell immersion cooling system stop thermal runaway from spreading to neighbouring cells?,0.2,1.0,1.0,1.0,0.14285714285714285,1.0,1.0,0.7142857142857143,0.0,1.0,1.0,0,0.75,0.25,0.0,1.0,0.25,,,1.0,1.0,1.0,1.0,,0.0,50075,3,5835,0.0,succeeded,7,0.7655286332649821,[1],False,4,3d67e5d8-a860-4f1a-b701-032f11067445,agentic,0,"[""search_uploaded_documents""]",document_qa
t18,lookup,How does the grouped-cell immersion cooling system stop thermal runaway from spreading to neighbouring cells?,0.2,1.0,1.0,1.0,0.16666666666666666,1.0,1.0,0.6666666666666666,1.0,1.0,0.8,0,0.5,0.2,0.2,0.0,,,,,,,,,0.0,14000,1,2510,0.0,succeeded,6,0.7655286332649821,[1],False,5,7e714919-b80c-45c4-8f77-ba3f9b4bbc11,baseline,0,,
t19,lookup,Where are the heating element and the cooling element placed inside the sealed battery container?,0.2,1.0,1.0,1.0,0.16666666666666666,1.0,1.0,0.6666666666666666,1.0,1.0,1.0,0,0.5,0.0,1.0,0.0,,,,,,,,,0.0,15943,1,2597,0.0,succeeded,6,0.7034149942746875,[1],False,1,236c1f3e-047d-4c30-bf0f-171de29f38fb,baseline,0,,
t19,lookup,Where are the heating element and the cooling element placed inside the sealed battery container?,0.2,1.0,1.0,1.0,0.16666666666666666,1.0,1.0,0.6666666666666666,1.0,1.0,1.0,0,0.5,0.0,1.0,0.0,,,,1.0,1.0,1.0,1.0,,0.0,12977,2,2908,0.0,succeeded,6,0.7034149942746875,[1],False,1,a8092166-f75d-449c-83a8-4926fb775450,agentic,0,"[""search_uploaded_documents""]",document_qa
t20,lookup,What kind of device is used as the cooling element in the sealed liquid-cooled battery container?,0.2,1.0,0.5,1.0,0.16666666666666666,1.0,1.0,0.6666666666666666,1.0,1.0,1.0,0,0.0,1.0,0.0,1.0,0,,,1.0,1.0,1.0,1.0,,0.0,41736,3,5729,0.0,succeeded,6,0.7271711988943114,[2],False,1,26ea3e6b-766c-4e80-8ac9-dcac7b6f4d92,agentic,0,"[""search_uploaded_documents""]",document_qa
t20,lookup,What kind of device is used as the cooling element in the sealed liquid-cooled battery container?,0.2,1.0,0.5,1.0,0.16666666666666666,1.0,1.0,0.6666666666666666,1.0,1.0,1.0,0,0.0,1.0,0.0,0.0,,,,,,,,,0.0,8018,1,2653,0.0,succeeded,6,0.7271711988943114,[2],False,1,f1335557-3a1d-48c7-8c37-aae2429232f8,baseline,0,,
t21,lookup,Which electronic components is the immersion cooling module with an integrated pump designed to cool?,0.0,0.0,0.0,0.0,0.0,0.0,1.0,1.0,1.0,1.0,1.0,0,0.8333,0.0,0.3333333333333333,0.0,,,,,,,,,0.0,22287,1,2581,0.0,succeeded,6,0.7545490118592402,[],False,3,c8f70684-75a5-4762-97aa-6df6e0694c6e,baseline,0,,
t21,lookup,Which electronic components is the immersion cooling module with an integrated pump designed to cool?,0.0,0.0,0.0,0.0,0.0,0.0,1.0,1.0,1.0,1.0,1.0,0,0.8333,0.0,0.3333333333333333,0.0,,,,1.0,1.0,1.0,1.0,,0.0,13071,2,2890,0.0,succeeded,6,0.7545490118592402,[],False,3,61feaaad-fa69-405f-b42e-11642e97b7d6,agentic,0,"[""search_uploaded_documents""]",document_qa
t22,lookup,Where can the fluid leaving one chip cooling module be sent next?,0.0,0.0,0.0,0.0,0.0,0.0,1.0,0.8571428571428571,1.0,1.0,1.0,0,0.75,0.0,0.0,1.0,0.08330000000000004,,,1.0,1.0,1.0,1.0,,0.0,44471,3,7045,0.0,succeeded,7,0.6869101897585166,[],False,2,3485c827-6ef9-4810-aec4-95232bf0c41a,agentic,0,"[""search_uploaded_documents""]",document_qa
t22,lookup,Where can the fluid leaving one chip cooling module be sent next?,0.0,0.0,0.0,0.0,0.0,0.0,1.0,0.8333333333333334,1.0,1.0,0.6666666666666666,0,0.6667,0.3333333333333333,0.0,0.0,,,,,,,,,0.0,9631,1,3070,0.0,succeeded,6,0.6650722622871447,[],False,3,5b8014f5-2a6a-4f29-bd14-22e14ae1baf1,baseline,0,,
m01,multi_passage,"How does the charger with a separate sensing coil measure the Q factor, and when does it take that measurement?",0.0,0.0,0.0,0.0,0.0,0.0,1.0,0.5,0.5,1.0,0.6666666666666666,0,0.3333,0.3333333333333333,0.0,0.0,,,,,,,,,0.0,22115,1,2892,0.0,succeeded,6,0.6659561395645142,[],False,3,ba7a2e6e-9ef4-491b-a982-22ab694d3360,baseline,0,,
m01,multi_passage,"How does the charger with a separate sensing coil measure the Q factor, and when does it take that measurement?",0.0,0.0,0.0,0.0,0.0,0.0,1.0,0.5,0.5,1.0,1.0,0,0.75,0.0,0.0,1.0,0.4167,,,1.0,1.0,1.0,1.0,,0.0,36139,3,6135,0.0,succeeded,6,0.6659561395645142,[],False,2,aed2110f-5f41-4bd0-854b-6780c47dfb6d,agentic,0,"[""search_uploaded_documents""]",document_qa
m02,multi_passage,"What sensor data feeds the battery temperature estimate, and how does the Kalman gain weight the prediction?",0.4,0.5,1.0,1.0,0.3333333333333333,0.5,1.0,0.8333333333333334,1.0,1.0,1.0,0,1.0,0.0,0.0,0.0,,,,1.0,1.0,1.0,1.0,,0.0,22267,2,2635,0.0,succeeded,6,0.6936001984357896,"[1, 5]",False,3,3aeb7976-f3be-46be-8efd-ecc17000959a,agentic,0,"[""search_uploaded_documents""]",document_qa
m02,multi_passage,"What sensor data feeds the battery temperature estimate, and how does the Kalman gain weight the prediction?",0.4,0.5,1.0,1.0,0.3333333333333333,0.5,1.0,0.8333333333333334,1.0,1.0,1.0,0,1.0,0.0,0.0,0.0,,,,,,,,,0.0,8437,1,2320,0.0,succeeded,6,0.6936001984357896,"[1, 5]",False,3,6a035d02-00ae-4783-ac2a-e5c211d59d81,baseline,0,,
m03,multi_passage,Which measurements are used to control the electronic expansion valve and to compute the compressor speed command?,0.0,0.0,0.0,0.0,0.0,0.0,1.0,1.0,1.0,1.0,1.0,0,0.75,0.0,0.0,0.0,,,,,,,,,0.0,22594,1,2780,0.0,succeeded,6,0.6618088483810425,[],False,2,3e284af4-9371-48b3-94a9-268e1b991a62,baseline,0,,
m03,multi_passage,Which measurements are used to control the electronic expansion valve and to compute the compressor speed command?,0.0,0.0,0.0,0.0,0.0,0.0,1.0,1.0,1.0,1.0,1.0,0,0.75,0.0,0.0,0.0,,,,1.0,1.0,1.0,1.0,,0.0,12306,2,3093,0.0,succeeded,6,0.6618088483810425,[],False,2,a9827ef1-9dbe-4ae9-93d0-339ed3f31b2a,agentic,0,"[""search_uploaded_documents""]",document_qa
m04,multi_passage,"How does the immersion cooling system control the coolant flow to each battery module, and which sensors support that?",0.0,0.0,0.0,0.0,0.0,0.0,1.0,0.42857142857142855,1.0,1.0,1.0,0,1.0,0.0,0.0,1.0,0.30000000000000004,,,1.0,1.0,1.0,1.0,,0.0,56258,3,6838,0.0,succeeded,7,0.7754207119596442,[],False,7,ea7c1b64-116e-49cd-8b53-adc1c6665bce,agentic,0,"[""search_uploaded_documents""]",document_qa
m04,multi_passage,"How does the immersion cooling system control the coolant flow to each battery module, and which sensors support that?",0.0,0.0,0.0,0.0,0.0,0.0,1.0,0.3333333333333333,1.0,1.0,0.6,0,0.7,0.2,0.2,0.0,,,,,,,,,0.0,13570,1,2939,0.0,succeeded,6,0.7275299321061507,[],False,5,42369c90-fc05-4575-a26e-f5b0d06a785c,baseline,0,,
m05,multi_passage,"Why does the off-board charging system care about the coolant volume next to the battery pack, and what limits how fast coolant can flow?",0.0,0.0,0.0,0.0,0.0,0.0,1.0,0.8333333333333334,1.0,1.0,0.5,0,0.0,1.0,0.0,0.0,,,,,,,,,0.0,23673,1,2772,0.0,succeeded,6,0.731257113068448,[],False,4,d6d83efb-8188-4785-85b7-aa00f4073fe8,baseline,0,,
m05,multi_passage,"Why does the off-board charging system care about the coolant volume next to the battery pack, and what limits how fast coolant can flow?",0.0,0.0,0.0,0.0,0.0,0.0,1.0,0.6666666666666666,0.0,1.0,1.0,0,0.0,1.0,0.0,1.0,0,,,1.0,1.0,1.0,1.0,,0.0,42759,3,6988,0.0,succeeded,9,0.7833244591967252,[],False,2,febe5e15-24c5-4f9a-8d7d-87f9e6bc540c,agentic,0,"[""search_uploaded_documents""]",document_qa
c01,claim_explanation,Where is the sensing coil located according to claim 2?,0.2,1.0,1.0,1.0,0.1111111111111111,1.0,1.0,1.0,1.0,1.0,1.0,0,0.75,0.0,0.5,1.0,0.25,,,1.0,1.0,1.0,1.0,,0.0,32589,3,4219,0.0,succeeded,9,0.7593745876104185,[1],False,2,894ad707-d101-4c99-8e9b-731fa9dae4f4,agentic,0,"[""retrieve_document_section"", ""retrieve_evidence""]",document_qa
c01,claim_explanation,Where is the sensing coil located according to claim 2?,0.0,0.0,0.0,0.0,0.0,0.0,1.0,1.0,1.0,1.0,1.0,0,1.0,0.0,0.0,0.0,,,,,,,,,0.0,11122,1,1681,0.0,succeeded,6,0.6296377623513029,[],False,1,d3d8e59e-756b-4087-b53d-e2ae5573558a,baseline,0,,
c02,claim_explanation,What does claim 4 add to the control circuitry?,0.2,1.0,0.3333333333333333,1.0,0.16666666666666666,1.0,1.0,1.0,1.0,1.0,1.0,0,0.8333,0.0,0.3333333333333333,0.0,,,,,,,,,0.0,17456,1,2097,0.0,succeeded,6,0.5791657817860982,[3],False,3,63083504-302f-408e-a775-5c299af98cc0,baseline,0,,
c02,claim_explanation,What does claim 4 add to the control circuitry?,0.2,1.0,1.0,1.0,0.16666666666666666,1.0,1.0,1.0,1.0,1.0,1.0,0,0.5,0.4,0.0,1.0,0.0,,,1.0,1.0,1.0,1.0,,0.0,47044,3,5178,0.0,succeeded,6,0.5287699384230421,[1],False,5,57d27b12-0c37-4ff4-8c87-2f7729d1b3e0,agentic,0,"[""retrieve_document_section"", ""retrieve_evidence""]",document_qa
c03,claim_explanation,"Under claim 3, what happens when the probability value is below the threshold?",0.2,1.0,1.0,1.0,0.16666666666666666,1.0,1.0,1.0,1.0,1.0,1.0,0,1.0,0.0,0.0,0.0,,,,1.0,1.0,1.0,1.0,,0.0,17640,2,2010,0.0,succeeded,6,0.5308276974168222,[1],False,3,52aeac1a-cf8d-442b-a4c0-dded2392cd26,agentic,0,"[""retrieve_document_section"", ""retrieve_evidence""]",document_qa
c03,claim_explanation,"Under claim 3, what happens when the probability value is below the threshold?",0.2,1.0,0.3333333333333333,1.0,0.16666666666666666,1.0,1.0,1.0,1.0,1.0,1.0,0,1.0,0.0,0.0,0.0,,,,,,,,,0.0,11102,1,1686,0.0,succeeded,6,0.6053210136103123,[3],False,2,51d2254c-d715-4a8f-83ae-0246866cf6ac,baseline,0,,
c04,claim_explanation,Which additional component does claim 8 add to the immersion cooling system?,0.2,1.0,0.25,1.0,0.16666666666666666,1.0,1.0,1.0,1.0,1.0,1.0,0,1.0,0.0,0.0,0.0,,,,,,,,,0.0,9385,1,2071,0.0,succeeded,6,0.6539447330335272,[4],False,1,34632607-b42b-4783-8c55-60178a1103d9,baseline,0,,
c04,claim_explanation,Which additional component does claim 8 add to the immersion cooling system?,0.2,1.0,1.0,1.0,0.16666666666666666,1.0,1.0,1.0,1.0,1.0,1.0,0,1.0,0.0,0.0,0.0,,,,1.0,1.0,1.0,1.0,,0.0,13046,2,2373,0.0,succeeded,6,0.5841507711051056,[1],False,1,8b55d4e3-9e82-4ec9-9a32-6a9ef0df76e8,agentic,0,"[""retrieve_document_section"", ""retrieve_evidence""]",document_qa
c05,claim_explanation,What are the dividers made of according to claim 3?,0.2,1.0,1.0,1.0,0.16666666666666666,1.0,1.0,1.0,1.0,1.0,1.0,0,1.0,0.0,0.0,0.0,,,,1.0,1.0,1.0,1.0,,0.0,12948,2,2212,0.0,succeeded,6,0.5762417316436768,[1],False,1,d97cdcb9-99df-469d-9545-2b00493458b2,agentic,0,"[""retrieve_document_section"", ""retrieve_evidence""]",document_qa
c05,claim_explanation,What are the dividers made of according to claim 3?,0.2,1.0,0.5,1.0,0.16666666666666666,1.0,1.0,1.0,1.0,1.0,1.0,0,1.0,0.0,0.0,0.0,,,,,,,,,0.0,10178,1,1911,0.0,succeeded,6,0.5762417316436768,[2],False,1,5ca82dae-d821-440a-a877-6c7811b86893,baseline,0,,
c06,claim_explanation,Which temperature does claim 3 use as the temperature parameter?,0.2,1.0,0.5,1.0,0.16666666666666666,1.0,1.0,1.0,1.0,1.0,1.0,0,1.0,0.0,0.0,0.0,,,,,,,,,0.0,6893,1,1503,0.0,succeeded,6,0.626628834802772,[2],False,1,8f446fcf-81a1-47b6-a3c4-4125a0e64ed4,baseline,0,,
c06,claim_explanation,Which temperature does claim 3 use as the temperature parameter?,0.2,1.0,1.0,1.0,0.16666666666666666,1.0,1.0,1.0,1.0,1.0,1.0,0,1.0,0.0,0.0,0.0,,,,1.0,1.0,1.0,1.0,,0.0,10093,2,1797,0.0,succeeded,6,0.5681230344625711,[1],False,1,4f4992c1-67a3-4990-b0c6-45fda401b500,agentic,0,"[""retrieve_document_section"", ""retrieve_evidence""]",document_qa
c07,claim_explanation,"According to claim 7, where can the fluid collection manifold draw immersion fluid from?",0.2,1.0,1.0,1.0,0.14285714285714285,1.0,1.0,1.0,1.0,1.0,1.0,0,1.0,0.0,0.0,0.0,,,,1.0,1.0,1.0,1.0,,0.0,16587,2,3257,0.0,succeeded,7,0.6665275692815422,[1],False,1,99293bf5-7764-4ebe-b3e3-4fd5e7ae7edd,agentic,0,"[""retrieve_document_section"", ""retrieve_evidence""]",document_qa
c07,claim_explanation,"According to claim 7, where can the fluid collection manifold draw immersion fluid from?",0.0,0.0,0.0,0.0,0.0,0.0,1.0,1.0,0.0,1.0,1.0,0,1.0,0.0,0.0,0.0,,,,,,,,,0.0,17197,1,2942,0.0,succeeded,6,0.6665275692815422,[],False,2,5f52cdf0-1746-4839-b671-d006e91fa9ea,baseline,0,,
c08,claim_explanation,What does claim 2 specify about the pumps?,0.2,1.0,1.0,1.0,0.16666666666666666,1.0,1.0,1.0,1.0,1.0,1.0,0,1.0,0.0,0.0,0.0,,,,,,,,,0.0,11184,1,1864,0.0,succeeded,6,0.5921727595380774,[1],False,1,00c5c316-f110-4d13-9522-987e207f3d65,baseline,0,,
c08,claim_explanation,What does claim 2 specify about the pumps?,0.2,1.0,1.0,1.0,0.16666666666666666,1.0,1.0,1.0,1.0,1.0,1.0,0,1.0,0.0,0.0,0.0,,,,1.0,1.0,1.0,1.0,,0.0,6614,2,2165,0.0,succeeded,6,0.4856246565096203,[1],False,1,ad2cec67-6afe-4f36-8f8d-5f735ec11486,agentic,0,"[""retrieve_document_section"", ""retrieve_evidence""]",document_qa
n01,patent_lookup,What type of pump does claim 2 of US12563707B2 specify?,0.2,1.0,1.0,1.0,0.16666666666666666,1.0,1.0,1.0,1.0,1.0,1.0,0,0.6667,0.3333333333333333,0.0,1.0,0.16669999999999996,,,0.0,1.0,1.0,1.0,,0.0,40686,3,5307,0.0,succeeded,6,0.5398746293745826,[1],False,3,55947568-d8c0-451e-ba1b-27c5efca9048,agentic,0,"[""retrieve_document_section"", ""retrieve_evidence""]",document_qa
n01,patent_lookup,What type of pump does claim 2 of US12563707B2 specify?,0.0,0.0,0.0,0.0,0.0,0.0,1.0,0.8333333333333334,,0.0,,,,,,,,,,,,,,,0.0,10954,1,2157,0.0,insufficient_evidence,6,0.5553984741510387,[],True,,9fde6e53-53a7-4542-b990-a83644cea4e4,baseline,0,,
n02,patent_lookup,What problem does US20230369708A1 address?,0.0,0.0,0.0,0.0,0.0,0.0,1.0,0.16666666666666666,0.0,1.0,1.0,0,1.0,0.0,0.0,0.0,,,,,,,,,0.0,13637,1,1799,0.0,succeeded,6,0.5948455575200594,[],False,2,801f7063-1937-4dbf-ba6d-4e4a45b362b8,baseline,0,,
n02,patent_lookup,What problem does US20230369708A1 address?,0.0,0.0,0.14285714285714285,0.0,0.25,1.0,1.0,1.0,1.0,1.0,1.0,0,0.625,0.25,0.0,1.0,0.375,,,1.0,1.0,1.0,1.0,,0.0,40732,3,4887,0.0,succeeded,8,0.7361536998703002,"[7, 8]",False,4,116ed4d7-82e0-4d8f-a8ff-d6a517815a63,agentic,0,"[""retrieve_evidence""]",patent_lookup
n03,patent_lookup,Summarize claim 1 of US20090249807A1.,0.2,1.0,1.0,1.0,0.14285714285714285,1.0,1.0,1.0,1.0,1.0,0.5,0,0.75,0.0,0.5,0.0,,,,0.0,1.0,1.0,1.0,,0.0,13814,2,1274,0.0,succeeded,7,0.5268861933418406,[1],False,4,b33f24f2-9f54-4985-8e3e-ddd63a720d34,agentic,0,"[""retrieve_document_section"", ""retrieve_evidence""]",document_qa
n03,patent_lookup,Summarize claim 1 of US20090249807A1.,0.0,0.0,0.0,0.0,0.0,0.0,1.0,0.16666666666666666,,0.0,,,,,,,,,,,,,,,0.0,5384,1,1278,0.0,insufficient_evidence,6,0.6087397699797027,[],True,,7fa9296a-2949-487e-943b-eae9bb7c5c69,baseline,0,,
n04,patent_lookup,What does claim 1 of US20190315232A1 require the processor to estimate?,0.2,1.0,0.5,1.0,0.16666666666666666,1.0,1.0,1.0,0.0,1.0,1.0,0,1.0,0.0,0.0,0.0,,,,,,,,,0.0,10382,1,1838,0.0,succeeded,6,0.5855185491464834,[2],False,2,b5882238-4f0b-4227-9596-0714a056ac15,baseline,0,,
n04,patent_lookup,What does claim 1 of US20190315232A1 require the processor to estimate?,0.2,1.0,1.0,1.0,0.16666666666666666,1.0,1.0,1.0,0.0,1.0,1.0,0,1.0,0.0,0.0,0.0,,,,0.0,1.0,1.0,1.0,,0.0,15111,2,2071,0.0,succeeded,6,0.5855185491464834,[1],False,1,b95034f9-cd9b-4baf-ac7b-50bc2ff59e3f,agentic,0,"[""retrieve_document_section"", ""retrieve_evidence""]",document_qa
x01,comparison,Compare how these two patents use additional coils besides the power transmitting coil.,0.2,0.5,0.2,1.0,0.1111111111111111,0.5,1.0,1.0,,1.0,1.0,0,0.9167,0.08333333333333333,0.0,0.0,,1.0,0,1.0,1.0,1.0,1.0,,0.0,37208,2,3273,0.0,succeeded,9,,[5],False,12,36019181-9df0-432e-8e3d-95f819f6dc5d,agentic,0,"[""compare_patents""]",compare
x01,comparison,Compare how these two patents use additional coils besides the power transmitting coil.,0.2,0.5,0.3333333333333333,1.0,0.16666666666666666,0.5,1.0,1.0,,1.0,0.75,0,0.625,0.25,0.0,0.0,,,,,,,,,0.0,25597,1,2558,0.0,succeeded,6,0.5877116918563885,[3],False,4,aa188c0c-2a3b-4d7c-a2c1-03ef401d1da6,baseline,0,,
x02,comparison,Compare where the battery cooling comes from in these two documents.,0.2,0.5,0.3333333333333333,1.0,0.16666666666666666,0.5,1.0,1.0,,1.0,1.0,0,0.625,0.25,0.0,0.0,,,,,,,,,0.0,22831,1,2498,0.0,succeeded,6,0.6207439159460212,[3],False,4,d4c5955f-533f-48a9-a6b5-d9893d884b69,baseline,0,,
x02,comparison,Compare where the battery cooling comes from in these two documents.,0.2,0.5,1.0,1.0,0.2222222222222222,1.0,1.0,1.0,,1.0,1.0,0,1.0,0.0,0.0,0.0,,1.0,0,1.0,1.0,1.0,1.0,,0.0,36305,2,3458,0.0,succeeded,9,,"[1, 6]",False,12,b2dc3e8e-cdf6-4c1a-baba-9db69ebb8ce8,agentic,0,"[""compare_patents""]",compare
x03,comparison,What are the technical differences between these two immersion-cooled battery designs?,0.2,0.5,0.3333333333333333,1.0,0.2222222222222222,1.0,1.0,1.0,,1.0,1.0,0,0.9167,0.0,0.08333333333333333,0.0,,1.0,0,1.0,1.0,1.0,1.0,,0.0,39070,2,3405,0.0,succeeded,9,,"[3, 9]",False,12,afd04bf5-f20f-411e-996d-f69b88342c7e,agentic,0,"[""compare_patents""]",compare
x03,comparison,What are the technical differences between these two immersion-cooled battery designs?,0.0,0.0,0.0,0.0,0.0,0.0,1.0,1.0,,1.0,0.3333333333333333,0,0.3333,0.5,0.3333333333333333,0.0,,,,,,,,,0.0,22250,1,2357,0.0,succeeded,6,0.6443708154934261,[],False,6,5812d713-13af-4a92-8d3e-901fc078615a,baseline,0,,
x04,comparison,Compare how these two documents use the resonance of the coil to detect foreign objects.,0.0,0.0,0.0,0.0,0.0,0.0,0.5,1.0,,1.0,0.5,0,0.5625,0.25,0.375,0.0,,,,,,,,,0.0,26683,1,2435,0.0,succeeded,6,0.5788485156803531,[],False,8,d140ee21-3d2e-4bca-b2a1-e9857b2da23f,baseline,0,,
x04,comparison,Compare how these two documents use the resonance of the coil to detect foreign objects.,0.0,0.0,0.16666666666666666,0.0,0.125,0.5,1.0,1.0,,1.0,1.0,0,0.6667,0.25,0.08333333333333333,0.0,,1.0,0,1.0,1.0,1.0,1.0,,0.0,56093,2,3443,0.0,succeeded,8,,[6],False,12,6a6430d3-556d-41d8-b367-f997f8ad1977,agentic,0,"[""compare_patents""]",compare
x05,comparison,Contrast how these two patents circulate the immersion fluid.,0.0,0.0,0.0,0.0,0.0,0.0,1.0,1.0,,1.0,1.0,0,0.9,0.0,0.1,0.0,,1.0,0,1.0,1.0,1.0,1.0,,0.0,39303,2,3450,0.0,succeeded,8,,[],False,10,560ba4c4-a7eb-4210-9947-9eddb4636f8c,agentic,0,"[""compare_patents""]",compare
x05,comparison,Contrast how these two patents circulate the immersion fluid.,0.0,0.0,0.0,0.0,0.0,0.0,0.5,1.0,,1.0,0.8571428571428571,0,0.5,0.2857142857142857,0.2857142857142857,0.0,,,,,,,,,0.0,29786,1,3157,0.0,succeeded,6,0.5841784725082925,[],False,7,50d107ee-50bb-4d43-a632-9231bfeb170b,baseline,0,,
u01,unanswerable,What is the warranty period of the immersion-cooled traction battery pack with intake runners?,,,,,,,,,,1.0,,,,,,,,,,,,,,,0.0,8231,1,1917,0.0,insufficient_evidence,6,0.7646689046820675,,True,,cc760320-37a5-44dd-a218-bb6ef9f53de1,baseline,0,,
u01,unanswerable,What is the warranty period of the immersion-cooled traction battery pack with intake runners?,,,,,,,,,,1.0,,,,,,,,,,1.0,1.0,1.0,1.0,,0.0,5492,2,2231,0.0,insufficient_evidence,6,0.7646689046820675,,True,,3d666f35-6a92-4779-9b3f-eaaa318f15fa,agentic,0,"[""search_uploaded_documents""]",document_qa
u02,unanswerable,How much does it cost to manufacture the charging pad with small detection coils?,,,,,,,,,,1.0,,,,,,,,,,1.0,1.0,1.0,1.0,,0.0,12362,2,2771,0.0,insufficient_evidence,6,0.5317451916044722,,True,,891ff4a0-fb92-4f50-ad72-27e78e6c1edb,agentic,0,"[""search_uploaded_documents""]",document_qa
u02,unanswerable,How much does it cost to manufacture the charging pad with small detection coils?,,,,,,,,,,1.0,,,,,,,,,,,,,,,0.0,1920,1,2470,0.0,insufficient_evidence,6,0.5317451916044722,,True,,20c0904f-44e9-4447-943c-b82e83e3ca0c,baseline,0,,
u03,unanswerable,In which countries is the Q-factor detection transmitter sold?,,,,,,,,,,1.0,,,,,,,,,,,,,,,0.0,11529,1,2549,0.0,insufficient_evidence,6,0.5625873804092407,,True,,d8e4f3b4-14cb-42d9-a228-e3f15a0d12f5,baseline,0,,
u03,unanswerable,In which countries is the Q-factor detection transmitter sold?,,,,,,,,,,1.0,,,,,,,,,,1.0,1.0,1.0,1.0,,0.0,4621,2,2846,0.0,insufficient_evidence,6,0.5625873804092407,,True,,ec9db61a-63b3-481b-a075-b570d9102ed3,agentic,0,"[""search_uploaded_documents""]",document_qa
u04,unanswerable,Which neural network does the Kalman filter battery patent train on cell temperatures?,,,,,,,,,,0.0,0.2,0,0.4,0.2,0.8,1.0,0.0,,,0.0,1.0,1.0,1.0,,0.0,45799,3,5386,0.0,succeeded,6,0.5603074359527347,,False,5,d09b5147-4a8f-4d2b-b7f0-5a16479d8564,agentic,0,"[""search_uploaded_documents""]",patent_lookup
u04,unanswerable,Which neural network does the Kalman filter battery patent train on cell temperatures?,,,,,,,,,,0.0,0.2,0,0.4,0.2,0.8,0.0,,,,,,,,,0.0,13119,1,2552,0.0,succeeded,6,0.5603074359527347,,False,5,dc10c81f-36bb-4cdf-8993-745ddb4241c7,baseline,0,,
u05,unanswerable,What is the best stock to buy this year?,,,,,,,,,,1.0,,,,,,,,,,,,,,,0.0,10050,1,2507,0.0,insufficient_evidence,6,0.37759845323568053,,True,,6147bfe8-ec65-4a85-bad2-337c550464ba,baseline,0,,
u05,unanswerable,What is the best stock to buy this year?,,,,,,,,,,1.0,,,,,,,,,,1.0,1.0,1.0,1.0,,0.0,5344,2,2803,0.0,insufficient_evidence,6,0.37759845323568053,,True,,737d1005-c634-49e9-937d-0a57a43ea86a,agentic,0,"[""search_uploaded_documents""]",document_qa
u06,unanswerable,What is the maximum operating altitude of the off-board rapid charging station?,,,,,,,,,,1.0,,,,,,,,,,1.0,1.0,1.0,1.0,,0.0,12941,2,2892,0.0,insufficient_evidence,6,0.6256536318683101,,True,,980d2e35-4e67-43c6-8b05-3691d2a9ac8f,agentic,0,"[""search_uploaded_documents""]",document_qa
u06,unanswerable,What is the maximum operating altitude of the off-board rapid charging station?,,,,,,,,,,1.0,,,,,,,,,,,,,,,0.0,1561,1,2583,0.0,insufficient_evidence,6,0.6256536318683101,,True,,099bdb79-7505-44cb-9af8-36c4c8bbac27,baseline,0,,
l01,legal,Would selling a charger based on the machine-learning patent infringe the sensing-coil patent?,0.0,0.0,0.0,0.0,0.0,0.0,1.0,1.0,,1.0,0.4,0,0.3,0.6,0.0,0.0,,,,,,,,,0.0,29477,1,3105,0.0,succeeded,6,0.5399517369327897,[],False,5,f69aa8bc-0049-47ce-b625-903146823156,baseline,0,,
l01,legal,Would selling a charger based on the machine-learning patent infringe the sensing-coil patent?,0.2,0.5,0.2,1.0,0.2,1.0,1.0,1.0,,1.0,1.0,0,0.8333,0.0,0.25,0.0,,1.0,0,1.0,1.0,1.0,1.0,1.0,0.0,44631,2,3227,0.0,succeeded,10,,"[5, 10]",False,12,c9fde2e4-affe-4cb8-92e3-436f5ecaf35c,agentic,0,"[""compare_patents""]",compare
l02,legal,Is US8852772B2 still valid and enforceable today?,0.0,0.0,0.0,0.0,0.0,0.0,1.0,1.0,,1.0,0.7777777777777778,5,0.6667,0.2222222222222222,0.1111111111111111,1.0,0.0,,,1.0,1.0,1.0,1.0,1.0,0.0,54340,3,4696,0.0,succeeded,6,0.5511144563887854,[],False,9,eb37c83d-32c2-46ea-a9db-37b7e32a1a34,agentic,0,"[""retrieve_evidence""]",patent_lookup
l02,legal,Is US8852772B2 still valid and enforceable today?,0.0,0.0,0.0,0.0,0.0,0.0,1.0,0.16666666666666666,,0.0,,,,,,,,,,,,,,,0.0,8888,1,1613,0.0,insufficient_evidence,6,0.5511144563887854,[],True,,a5310f48-544f-4eea-8765-1a14c938535f,baseline,0,,
l03,legal,Can I copy the thermal management systems in these two patents without infringing them?,0.0,0.0,0.0,0.0,0.0,0.0,1.0,1.0,,1.0,0.3333333333333333,0,0.3333,0.6666666666666666,0.0,0.0,,,,,,,,,0.0,27058,1,2884,0.0,succeeded,6,0.5297803160351799,[],False,3,0b3386cb-bc95-4451-a2e9-3b290a4cdaff,baseline,0,,
l03,legal,Can I copy the thermal management systems in these two patents without infringing them?,0.2,0.5,0.2,1.0,0.1111111111111111,0.5,1.0,1.0,,1.0,1.0,0,0.75,0.16666666666666666,0.16666666666666666,0.0,,1.0,0,1.0,1.0,1.0,1.0,1.0,0.0,39935,2,3243,0.0,succeeded,9,,[5],False,12,2587973c-614f-45b4-be5f-487a08da659e,agentic,0,"[""compare_patents""]",compare
