item_id,item_type,question,precision_at_k,recall_at_k,mrr,hit_at_k,context_precision,context_recall,key_fact_recall,abstention_correct,citation_coverage,invalid_citations,grounding_score,unsupported_rate,misattribution_rate,regenerated,regeneration_gain,cell_coverage,cross_source_citations,intent_correct,tool_precision,tool_recall,tools_exact,legal_flag_correct,failed,latency_ms,llm_calls,total_tokens,cost_usd,status,n_retrieved,top_similarity,relevant_ranks,abstained,claims_checked,run_id,variant,repeat
q01,lookup,How often does the controller sample the thermistors on the battery cells?,0.2,1.0,1.0,1.0,0.16666666666666666,1.0,1.0,1.0,1.0,0,1.0,0.0,0.0,0.0,,,,,,,,,0.0,11332,1,1031,0.0,succeeded,6,0.7238712373086841,[1],False,1,83ea9fd0-9afe-49fd-a44f-69a13bd04cc4,section_aware,0
q02,lookup,What coolant does the variable-speed pump circulate through the cooling channels?,0.2,1.0,1.0,1.0,0.16666666666666666,1.0,1.0,1.0,1.0,0,1.0,0.0,0.0,0.0,,,,,,,,,0.0,4181,1,964,0.0,succeeded,6,0.5359176950552865,[1],False,1,71fa6a89-cf73-48d4-a48d-88c3c46b971f,section_aware,0
q03,lookup,Which control law does the controller use to set the coolant pump speed?,0.2,1.0,1.0,1.0,0.16666666666666666,1.0,1.0,1.0,1.0,0,1.0,0.0,0.0,0.0,,,,,,,,,0.0,4033,1,1010,0.0,succeeded,6,0.5958981640521005,[1],False,1,1da0920e-77e0-4672-8236-0edb48d4a929,section_aware,0
q04,lookup,"Above what temperature do lithium-ion cells degrade quickly, according to the background?",0.2,1.0,1.0,1.0,0.16666666666666666,1.0,1.0,1.0,1.0,0,1.0,0.0,0.0,0.0,,,,,,,,,0.0,3563,1,937,0.0,succeeded,6,0.7332749803826214,[1],False,1,0c27b6f6-ffc7-4f4d-bf8b-83ee28e1daac,section_aware,0
q05,lookup,What happens when a cell's estimated core temperature rises faster than 2 degrees Celsius per minute?,0.2,0.5,1.0,1.0,0.3333333333333333,1.0,1.0,1.0,1.0,0,1.0,0.0,0.0,0.0,,,,,,,,,0.0,4654,1,834,0.0,succeeded,6,0.6337698379111676,"[1, 6]",False,1,c4697f85-99dd-4f83-8fe9-ec19e106e351,section_aware,0
q06,lookup,How does the charging pad detect a metallic foreign object such as a coin?,0.6,1.0,0.5,1.0,0.5,1.0,1.0,1.0,1.0,0,0.5,0.3333333333333333,0.3333333333333333,0.0,,,,,,,,,0.0,6357,1,667,0.0,succeeded,6,0.7836161851882935,"[2, 4, 5]",False,3,2a6b06dd-3f74-441e-85d1-f04e34a9f68d,section_aware,0
q07,lookup,Why can metal objects between a charging pad and a phone be dangerous?,0.2,1.0,1.0,1.0,0.16666666666666666,1.0,0.0,1.0,0.75,0,0.75,0.0,0.25,0.0,,,,,,,,,0.0,7578,1,667,0.0,succeeded,6,0.843248298361796,[1],False,4,26f65159-ecf9-4ab8-aba1-fe4e8974cded,section_aware,0
q08,lookup,What kind of dielectric fluid fills the immersion-cooled battery module enclosure?,0.2,0.5,0.2,1.0,0.3333333333333333,1.0,1.0,1.0,1.0,0,0.75,0.25,0.0,0.0,,,,,,,,,0.0,9661,1,893,0.0,succeeded,6,0.8331049084663391,"[5, 6]",False,4,d0a2cde1-d1be-4e34-8be1-647c22bec308,section_aware,0
q09,lookup,Where does the immersion module's heat exchanger send the heat it removes?,0.2,1.0,0.25,1.0,0.16666666666666666,1.0,1.0,1.0,1.0,0,1.0,0.0,0.0,0.0,,,,,,,,,0.0,3312,1,751,0.0,succeeded,6,0.6241388692938619,[4],False,1,a1774506-9a7d-4c3c-8aba-4050c50fc397,section_aware,0
q10,multi_passage,How does the battery thermal management system estimate the core temperature of each cell?,0.4,0.6666666666666666,1.0,1.0,0.5,1.0,1.0,1.0,1.0,0,0.9,0.0,0.0,0.0,,,,,,,,,0.0,10826,1,1023,0.0,succeeded,6,0.7735582398966135,"[1, 2, 6]",False,5,67f32974-6012-4231-b309-d97c88890e7b,section_aware,0
q11,multi_passage,What does the immersion-cooled module do when the dielectric fluid level drops too low?,0.4,1.0,0.3333333333333333,1.0,0.3333333333333333,1.0,1.0,1.0,0.5,0,0.75,0.0,0.5,0.0,,,,,,,,,0.0,6464,1,828,0.0,succeeded,6,0.7035632840244292,"[3, 4]",False,2,bfe02fb8-02b7-487f-bb09-e85bcbfcaa25,section_aware,0
q12,claim_explanation,What does claim 3 add to the system of claim 1?,0.2,1.0,1.0,1.0,0.16666666666666666,1.0,1.0,1.0,1.0,0,0.1667,0.6666666666666666,0.0,0.0,,,,,,,,,0.0,8615,1,856,0.0,succeeded,6,0.564721787679462,[1],False,3,56a7d304-9e91-4a91-b01f-fe1231f60961,section_aware,0
q13,claim_explanation,What does claim 4 specify about the temperature sensor?,0.2,1.0,1.0,1.0,0.16666666666666666,1.0,1.0,1.0,1.0,0,1.0,0.0,0.0,0.0,,,,,,,,,0.0,3639,1,854,0.0,succeeded,6,0.705581510732354,[1],False,1,ad88eac3-2057-4edd-80f3-cb8257bffb37,section_aware,0
q14,claim_explanation,What does claim 2 of this document add?,0.2,1.0,1.0,1.0,0.16666666666666666,1.0,1.0,1.0,0.8,0,0.1,0.8,0.0,0.0,,,,,,,,,0.0,10140,1,708,0.0,succeeded,6,0.4896005106448553,[1],False,5,e67e946a-7f8a-4ef0-b66c-1b9f963e1b86,section_aware,0
q15,claim_explanation,Which elements does claim 1 of this document require?,0.2,1.0,0.3333333333333333,1.0,0.16666666666666666,1.0,1.0,1.0,1.0,0,1.0,0.0,0.0,0.0,,,,,,,,,0.0,5218,1,749,0.0,succeeded,6,0.4988853933420083,[3],False,1,490afe35-c18c-4ffc-aea2-25ca38830194,section_aware,0
q16,comparison,Compare how these two documents cool the battery cells.,0.2,0.5,0.5,1.0,0.16666666666666666,0.5,,1.0,0.7142857142857143,0,0.3571,0.5714285714285714,0.14285714285714285,0.0,,,,,,,,,0.0,13678,1,960,0.0,succeeded,6,0.6532382575727559,[2],False,7,22993010-6bfe-4f54-914d-47743e91fdeb,section_aware,0
q17,unanswerable,What is the maximum charging power of the battery pack in kilowatts?,,,,,,,,1.0,,,,,,,,,,,,,,,0.0,4394,1,963,0.0,insufficient_evidence,6,0.5470089423350506,,True,,481ad0ea-d1a3-4515-9dcc-86883f24e482,section_aware,0
q18,unanswerable,Which smartphone models are certified to use the wireless charging pad?,,,,,,,,1.0,,,,,,,,,,,,,,,0.0,3952,1,746,0.0,insufficient_evidence,6,0.6198961508212191,,True,,e67ea764-26a4-4ad7-91ed-1f9aca665e8e,section_aware,0
q19,unanswerable,What wind speed does the turbine blade pitch controller tolerate?,,,,,,,,1.0,,,,,,,,,,,,,,,0.0,4388,1,1002,0.0,insufficient_evidence,6,0.49725735220225786,,True,,9dd711f9-b4cc-49cb-bed7-d6753807d317,section_aware,0
q20,legal,Does the immersion cooling document infringe claim 1 of the battery thermal management patent?,0.2,0.5,0.5,1.0,0.16666666666666666,0.5,,0.0,,,,,,,,,,,,,,,0.0,4032,1,795,0.0,insufficient_evidence,6,0.5989144383890449,[2],True,,98ebad61-09a9-4240-8112-6a0c68babf63,section_aware,0
q01,lookup,How often does the controller sample the thermistors on the battery cells?,0.2,1.0,1.0,1.0,0.2,1.0,1.0,1.0,1.0,0,1.0,0.0,0.0,0.0,,,,,,,,,0.0,9226,1,1993,0.0,succeeded,5,0.6872972026709125,[1],False,1,36f6d191-5231-4fcb-900f-5e04fd25dde7,fixed,0
q02,lookup,What coolant does the variable-speed pump circulate through the cooling channels?,0.4,1.0,1.0,1.0,0.4,1.0,1.0,1.0,1.0,0,0.0,1.0,0.0,0.0,,,,,,,,,0.0,11861,1,1997,0.0,succeeded,5,0.5555997490882874,"[1, 3]",False,1,8dbce2ef-8578-4769-b214-d1ee24bab7da,fixed,0
q03,lookup,Which control law does the controller use to set the coolant pump speed?,0.2,1.0,1.0,1.0,0.2,1.0,1.0,1.0,1.0,0,0.0,1.0,0.0,0.0,,,,,,,,,0.0,11599,1,1996,0.0,succeeded,5,0.6133675209660826,[1],False,1,90bf8341-57e2-4149-a31c-6451a4004bc1,fixed,0
q04,lookup,"Above what temperature do lithium-ion cells degrade quickly, according to the background?",0.2,1.0,0.5,1.0,0.2,1.0,1.0,1.0,1.0,0,1.0,0.0,0.0,0.0,,,,,,,,,0.0,10090,1,1997,0.0,succeeded,5,0.5114145583757504,[2],False,1,345c6e67-c4cb-4e7a-b3e8-ff83cf424d0e,fixed,0
q05,lookup,What happens when a cell's estimated core temperature rises faster than 2 degrees Celsius per minute?,0.2,0.5,1.0,1.0,0.2,0.5,1.0,1.0,1.0,0,0.75,0.0,0.5,0.0,,,,,,,,,0.0,14132,1,2030,0.0,succeeded,5,0.6402612161325004,[1],False,2,eb8807b1-2b8a-40ab-bd1b-f958100e5681,fixed,0
q06,lookup,How does the charging pad detect a metallic foreign object such as a coin?,0.2,0.5,1.0,1.0,0.2,0.5,1.0,1.0,0.5,0,0.25,0.5,0.5,0.0,,,,,,,,,0.0,15242,1,2037,0.0,succeeded,5,0.7444060666682147,[1],False,2,2e7ec236-f172-411a-9724-8e35176753b9,fixed,0
q07,lookup,Why can metal objects between a charging pad and a phone be dangerous?,0.2,1.0,1.0,1.0,0.2,1.0,1.0,1.0,0.5,0,0.5,0.5,0.0,0.0,,,,,,,,,0.0,13087,1,2037,0.0,succeeded,5,0.6538675221125795,[1],False,2,2a8efe34-31e3-46f1-9ee8-6042402544df,fixed,0
q08,lookup,What kind of dielectric fluid fills the immersion-cooled battery module enclosure?,0.2,0.5,1.0,1.0,0.2,0.5,1.0,1.0,1.0,0,1.0,0.0,0.0,0.0,,,,,,,,,0.0,11921,1,2031,0.0,succeeded,5,0.7390501810252503,[1],False,2,9facbce1-1592-41a7-b0b5-0bd799a0d5ab,fixed,0
q09,lookup,Where does the immersion module's heat exchanger send the heat it removes?,0.2,1.0,1.0,1.0,0.2,1.0,1.0,1.0,1.0,0,1.0,0.0,0.0,0.0,,,,,,,,,0.0,10203,1,1999,0.0,succeeded,5,0.5866777547194005,[1],False,1,95e8793b-572b-42fe-b7da-436bacfb0dc0,fixed,0
q10,multi_passage,How does the battery thermal management system estimate the core temperature of each cell?,0.4,0.3333333333333333,1.0,1.0,0.4,0.3333333333333333,1.0,1.0,1.0,0,0.625,0.25,0.0,0.0,,,,,,,,,0.0,18709,1,2089,0.0,succeeded,5,0.7425481387915499,"[1, 2]",False,4,c499c06a-dbcd-4bb7-a1c0-c513f113fc4c,fixed,0
q11,multi_passage,What does the immersion-cooled module do when the dielectric fluid level drops too low?,0.2,0.5,1.0,1.0,0.2,0.5,1.0,1.0,1.0,0,1.0,0.0,0.0,0.0,,,,,,,,,0.0,10871,1,2032,0.0,succeeded,5,0.6841811475105999,[1],False,2,a54a55e1-7623-4f41-8d10-87fe4263d9c7,fixed,0
q12,claim_explanation,What does claim 3 add to the system of claim 1?,0.0,0.0,0.0,0.0,0.0,0.0,1.0,1.0,1.0,0,0.0,1.0,0.0,0.0,,,,,,,,,0.0,11566,1,1201,0.0,succeeded,2,0.45836379875921085,[],False,2,1c62ed57-440d-44c0-9594-35f5d8adb363,fixed,0
q13,claim_explanation,What does claim 4 specify about the temperature sensor?,0.0,0.0,0.0,0.0,0.0,0.0,1.0,1.0,1.0,0,0.0,1.0,0.0,0.0,,,,,,,,,0.0,7698,1,1132,0.0,succeeded,2,0.600988602697171,[],False,1,500e65d4-284f-4d6f-a924-8128d513369d,fixed,0
q14,claim_explanation,What does claim 2 of this document add?,0.0,0.0,0.0,0.0,0.0,0.0,1.0,1.0,0.5,0,0.0,1.0,0.0,0.0,,,,,,,,,0.0,6450,1,560,0.0,succeeded,1,0.3820156709537843,[],False,2,30ad27c6-4c3e-4549-9dea-d2663be1b0be,fixed,0
q15,claim_explanation,Which elements does claim 1 of this document require?,0.0,0.0,0.0,0.0,0.0,0.0,1.0,1.0,1.0,0,1.0,0.0,0.0,0.0,,,,,,,,,0.0,9349,1,993,0.0,succeeded,2,0.4772642112593607,[],False,1,31ea70fd-1fbc-4bde-b724-e98a2c9ca4a9,fixed,0
q16,comparison,Compare how these two documents cool the battery cells.,0.6,1.0,1.0,1.0,0.75,1.0,,1.0,0.5,0,0.5,0.25,0.25,0.0,,,,,,,,,0.0,16624,1,1863,0.0,succeeded,4,0.6261276079188105,"[1, 2, 3]",False,4,167406ef-b727-46b6-b518-35c414b4c943,fixed,0
q17,unanswerable,What is the maximum charging power of the battery pack in kilowatts?,,,,,,,,1.0,,,,,,,,,,,,,,,0.0,8650,1,2005,0.0,insufficient_evidence,5,0.531517179698776,,True,,7196a50d-a387-439e-ac5f-ed05333b3115,fixed,0
q18,unanswerable,Which smartphone models are certified to use the wireless charging pad?,,,,,,,,1.0,,,,,,,,,,,,,,,0.0,8571,1,1998,0.0,insufficient_evidence,5,0.6167486265374985,,True,,517a8256-99f2-4861-927d-e6aec813ddb6,fixed,0
q19,unanswerable,What wind speed does the turbine blade pitch controller tolerate?,,,,,,,,1.0,,,,,,,,,,,,,,,0.0,8612,1,1998,0.0,insufficient_evidence,5,0.46824944019317627,,True,,7a2af5be-a683-4f4f-a6d7-a28e2d5c626b,fixed,0
q20,legal,Does the immersion cooling document infringe claim 1 of the battery thermal management patent?,0.0,0.0,0.0,0.0,0.0,0.0,,1.0,0.5,0,0.25,0.5,0.0,0.0,,,,,,,,,0.0,15920,1,1874,0.0,succeeded,4,0.6272424272524724,[],False,4,715de978-c20c-474d-a7b7-561a6aea55b4,fixed,0
