item_id,item_type,question,variant,repeat,precision_at_k,recall_at_k,mrr,hit_at_k,context_precision,context_recall,source_recall,source_precision,key_fact_recall,abstention_correct,citation_coverage,invalid_citations,grounding_score,unsupported_rate,misattribution_rate,regenerated,regeneration_gain,cell_coverage,cross_source_citations,intent_correct,tool_precision,tool_recall,tools_exact,legal_flag_correct,failed,latency_ms,llm_calls,total_tokens,cost_usd,status,n_retrieved,top_similarity,relevant_ranks,abstained,claims_checked,run_id
t01,lookup,How can the Q-factor be estimated by simply counting oscillations of the capacitor voltage?,section_aware,0,0.2,1.0,0.2,1.0,0.16666666666666666,1.0,1.0,1.0,1.0,1.0,0.5,0,0.5,0.5,0.0,0.0,,,,,,,,,0.0,12859,1,2515,0.0,succeeded,6,0.7240405843233727,[5],False,4,b2d7fb1e-a0d0-4602-af0a-6fcc61cebd0e
t02,lookup,"Besides detecting foreign objects, what else can an array of small detection coils tell the charger?",section_aware,0,0.2,1.0,0.5,1.0,0.16666666666666666,1.0,1.0,1.0,1.0,1.0,1.0,0,0.8,0.0,0.4,0.0,,,,,,,,,0.0,21607,1,2847,0.0,succeeded,6,0.705395758152013,[2],False,5,0c615a6a-b5f9-488e-b5a9-cd4a110fe5fa
t03,lookup,Why is the coil-based foreign object detection preferably done while no power is being transferred?,section_aware,0,0.0,0.0,0.0,0.0,0.0,0.0,1.0,1.0,0.0,1.0,0.75,0,0.5,0.25,0.0,0.0,,,,,,,,,0.0,24342,1,3104,0.0,succeeded,6,0.6768325567245531,[],False,4,bb6e8a22-2003-43a0-876f-5b281a5db6ec
t04,lookup,Why can a second charger nearby make the Q factor measurement unreliable?,section_aware,0,0.0,0.0,0.0,0.0,0.0,0.0,0.0,0.0,0.0,1.0,0.5,0,0.0,1.0,0.0,0.0,,,,,,,,,0.0,23084,1,2582,0.0,succeeded,6,0.6361185853693351,[],False,4,87cb2741-a669-4603-a335-913ee9400ce2
t05,lookup,Which everyday objects are given as examples of foreign objects in the patent that uses a reference peak frequency?,section_aware,0,0.0,0.0,0.0,0.0,0.0,0.0,1.0,1.0,0.0,1.0,0.5,0,0.5,0.25,0.25,0.0,,,,,,,,,0.0,23776,1,2704,0.0,succeeded,6,0.5769078731536865,[],False,4,457f1962-bde8-4e1d-9f4f-c5519363e7f9
t06,lookup,Which kinds of sensors have previously been used to detect objects on electric vehicle wireless charging pads?,section_aware,0,0.0,0.0,0.0,0.0,0.0,0.0,1.0,0.5,0.0,1.0,0.6666666666666666,0,0.6667,0.3333333333333333,0.0,0.0,,,,,,,,,0.0,19821,1,2736,0.0,succeeded,6,0.6405755663261167,[],False,3,1e6b5098-f40d-402a-8605-d9760038c9e1
t07,lookup,Which hazards is object detection on the vehicle charging pad meant to prevent?,section_aware,0,0.2,1.0,0.5,1.0,0.16666666666666666,1.0,1.0,0.5,1.0,1.0,1.0,0,0.6667,0.3333333333333333,0.0,0.0,,,,,,,,,0.0,21262,1,2750,0.0,succeeded,6,0.59950991871894,[2],False,3,53162afd-759b-4cbf-a9ed-a06efde86543
t08,lookup,Which measurements are gathered from each coil for the machine-learning foreign object detection?,section_aware,0,0.0,0.0,0.0,0.0,0.0,0.0,1.0,0.3333333333333333,1.0,1.0,1.0,0,1.0,0.0,0.0,0.0,,,,,,,,,0.0,18736,1,2952,0.0,succeeded,6,0.6820434087385618,[],False,2,45151318-15d1-4921-9943-5b6fd68621c6
t09,lookup,How much heat must the heat exchanger absorb during a 300 kW rapid recharge?,section_aware,0,0.2,1.0,0.5,1.0,0.16666666666666666,1.0,1.0,0.8333333333333334,1.0,1.0,1.0,0,0.75,0.0,0.5,0.0,,,,,,,,,0.0,21848,1,2767,0.0,succeeded,6,0.6959300274765524,[2],False,2,b2f4325d-d2ec-4112-a239-247e2adab0c6
t10,lookup,How thick are the on-board coolant pipes in the Tesla Model S example?,section_aware,0,0.0,0.0,0.0,0.0,0.0,0.0,1.0,1.0,,0.0,,,,,,,,,,,,,,,0.0,12099,1,2415,0.0,insufficient_evidence,6,0.6676156122913699,[],True,,85fbad68-4ba8-4a08-a8ea-0c572f0cc064
t11,lookup,In which situations may a large electric vehicle battery still need active cooling?,section_aware,0,0.0,0.0,0.0,0.0,0.0,0.0,1.0,0.3333333333333333,0.0,1.0,1.0,0,0.6667,0.0,0.3333333333333333,0.0,,,,,,,,,0.0,21464,1,2544,0.0,succeeded,6,0.6888472623320078,[],False,3,6af5a74b-2669-4550-891e-368bc0626a16
t12,lookup,Which two models are used in the prediction stage of the battery temperature estimate?,section_aware,0,0.2,1.0,1.0,1.0,0.16666666666666666,1.0,1.0,0.3333333333333333,1.0,1.0,1.0,0,1.0,0.0,0.0,0.0,,,,,,,,,0.0,15051,1,2431,0.0,succeeded,6,0.6943349424400972,[1],False,1,2e51004a-5c58-4c5c-9123-31c809f9a31b
t13,lookup,Does the battery temperature estimation software have to be written in a particular programming language?,section_aware,0,0.0,0.0,0.0,0.0,0.0,0.0,1.0,0.16666666666666666,0.0,1.0,0.5,0,0.0,1.0,0.0,0.0,,,,,,,,,0.0,13994,1,2521,0.0,succeeded,6,0.6209341821270737,[],False,1,a409823e-0292-451a-8f83-4e6f6485346e
t14,lookup,How is the battery warmed when the cabin air conditioning is off in the combined HVAC and battery system?,section_aware,0,0.2,1.0,0.5,1.0,0.16666666666666666,1.0,1.0,0.3333333333333333,1.0,1.0,1.0,0,0.6667,0.3333333333333333,0.0,0.0,,,,,,,,,0.0,23421,1,2773,0.0,succeeded,6,0.676364818052676,[2],False,3,3c47fc50-82d2-4e3a-9bd6-57ea70bfe7cd
t15,lookup,When is the traction battery cooled by the radiator without using the chiller?,section_aware,0,0.2,1.0,0.5,1.0,0.16666666666666666,1.0,1.0,0.6666666666666666,1.0,1.0,1.0,0,1.0,0.0,0.0,0.0,,,,,,,,,0.0,22305,1,2977,0.0,succeeded,6,0.6992486298532123,[2],False,4,e98a9dc6-023a-4fcf-90eb-056bdc179534
t16,lookup,What is the condenser fan speed command calculated from?,section_aware,0,0.2,1.0,1.0,1.0,0.16666666666666666,1.0,1.0,1.0,0.0,1.0,0.6666666666666666,0,0.8333,0.0,0.3333333333333333,0.0,,,,,,,,,0.0,23862,1,3058,0.0,succeeded,6,0.724639031334044,[1],False,3,6def4d04-f943-4490-9a0f-9fae54929046
t17,lookup,What conditions can cause a battery thermal event in the immersion-cooled traction battery pack?,section_aware,0,0.0,0.0,0.0,0.0,0.0,0.0,1.0,0.6666666666666666,0.0,1.0,0.6666666666666666,0,0.5,0.3333333333333333,0.0,0.0,,,,,,,,,0.0,20803,1,2052,0.0,succeeded,6,0.8175534253583383,[],False,3,427f307e-300a-4f44-a5a0-00a338d3c7b2
t18,lookup,How does the grouped-cell immersion cooling system stop thermal runaway from spreading to neighbouring cells?,section_aware,0,0.2,1.0,1.0,1.0,0.16666666666666666,1.0,1.0,0.6666666666666666,1.0,1.0,0.75,0,0.75,0.0,0.25,0.0,,,,,,,,,0.0,21139,1,2465,0.0,succeeded,6,0.7655286332649821,[1],False,4,954517cf-69ef-4bc5-8f28-2ad8f4766cdd
t19,lookup,Where are the heating element and the cooling element placed inside the sealed battery container?,section_aware,0,0.2,1.0,1.0,1.0,0.16666666666666666,1.0,1.0,0.6666666666666666,1.0,1.0,1.0,0,0.5,0.0,1.0,0.0,,,,,,,,,0.0,17907,1,2597,0.0,succeeded,6,0.7034149942746875,[1],False,1,d74cb083-4623-4ec4-8946-a5f8672a2104
t20,lookup,What kind of device is used as the cooling element in the sealed liquid-cooled battery container?,section_aware,0,0.2,1.0,0.5,1.0,0.16666666666666666,1.0,1.0,0.6666666666666666,1.0,1.0,1.0,0,0.0,1.0,0.0,0.0,,,,,,,,,0.0,17363,1,2653,0.0,succeeded,6,0.7271711988943114,[2],False,1,79690d80-a7e6-472a-a417-70e538e05b7b
t21,lookup,Which electronic components is the immersion cooling module with an integrated pump designed to cool?,section_aware,0,0.0,0.0,0.0,0.0,0.0,0.0,1.0,1.0,1.0,1.0,1.0,0,1.0,0.0,0.0,0.0,,,,,,,,,0.0,17016,1,2589,0.0,succeeded,6,0.7545490118592402,[],False,3,2ef0d342-4053-4a75-9bdc-1486e2540e9e
t22,lookup,Where can the fluid leaving one chip cooling module be sent next?,section_aware,0,0.0,0.0,0.0,0.0,0.0,0.0,1.0,0.8333333333333334,1.0,1.0,0.6666666666666666,0,0.6667,0.3333333333333333,0.0,0.0,,,,,,,,,0.0,20801,1,3070,0.0,succeeded,6,0.6650722622871447,[],False,3,cf7c0941-d74d-4ae7-a1cf-e8781c0dea35
m01,multi_passage,"How does the charger with a separate sensing coil measure the Q factor, and when does it take that measurement?",section_aware,0,0.0,0.0,0.0,0.0,0.0,0.0,1.0,0.5,0.5,1.0,0.6666666666666666,0,0.3333,0.3333333333333333,0.0,0.0,,,,,,,,,0.0,23300,1,2892,0.0,succeeded,6,0.6659561395645142,[],False,3,92ae17f7-89c6-4eee-983b-16d778349566
m02,multi_passage,"What sensor data feeds the battery temperature estimate, and how does the Kalman gain weight the prediction?",section_aware,0,0.4,0.5,1.0,1.0,0.3333333333333333,0.5,1.0,0.8333333333333334,1.0,1.0,1.0,0,1.0,0.0,0.0,0.0,,,,,,,,,0.0,16196,1,2320,0.0,succeeded,6,0.6936001984357896,"[1, 5]",False,3,80c4f740-0483-471f-983c-92d573022f8d
m03,multi_passage,Which measurements are used to control the electronic expansion valve and to compute the compressor speed command?,section_aware,0,0.0,0.0,0.0,0.0,0.0,0.0,1.0,1.0,1.0,1.0,1.0,1,0.8333,0.0,0.0,0.0,,,,,,,,,0.0,20605,1,2807,0.0,succeeded,6,0.6618088483810425,[],False,3,5e2e909b-78e8-4208-b855-d44ee633aa09
m04,multi_passage,"How does the immersion cooling system control the coolant flow to each battery module, and which sensors support that?",section_aware,0,0.0,0.0,0.0,0.0,0.0,0.0,1.0,0.3333333333333333,1.0,1.0,0.6,0,0.7,0.2,0.2,0.0,,,,,,,,,0.0,24275,1,2939,0.0,succeeded,6,0.7275299321061507,[],False,5,7e9541f9-ca89-4eed-b18b-c8d4159e9d99
m05,multi_passage,"Why does the off-board charging system care about the coolant volume next to the battery pack, and what limits how fast coolant can flow?",section_aware,0,0.0,0.0,0.0,0.0,0.0,0.0,1.0,0.8333333333333334,1.0,1.0,0.5,0,0.0,1.0,0.0,0.0,,,,,,,,,0.0,23327,1,2772,0.0,succeeded,6,0.731257113068448,[],False,4,74845b43-469b-4418-a937-1602fd278ee0
c01,claim_explanation,Where is the sensing coil located according to claim 2?,section_aware,0,0.0,0.0,0.0,0.0,0.0,0.0,1.0,1.0,1.0,1.0,1.0,0,1.0,0.0,0.0,0.0,,,,,,,,,0.0,11988,1,1681,0.0,succeeded,6,0.6296377623513029,[],False,1,dbaf4f6b-7de0-4885-aa3f-7710f540b0ff
c02,claim_explanation,What does claim 4 add to the control circuitry?,section_aware,0,0.2,1.0,0.3333333333333333,1.0,0.16666666666666666,1.0,1.0,1.0,1.0,1.0,1.0,0,0.8333,0.0,0.3333333333333333,0.0,,,,,,,,,0.0,16859,1,2097,0.0,succeeded,6,0.5791657817860982,[3],False,3,e3d823a6-b1bb-4e9c-84ea-3612e39a3cba
c03,claim_explanation,"Under claim 3, what happens when the probability value is below the threshold?",section_aware,0,0.2,1.0,0.3333333333333333,1.0,0.16666666666666666,1.0,1.0,1.0,1.0,1.0,1.0,0,1.0,0.0,0.0,0.0,,,,,,,,,0.0,13913,1,1745,0.0,succeeded,6,0.6053210136103123,[3],False,3,f0d6b7ee-fc9f-4fc4-9050-5b746d4dd450
c04,claim_explanation,Which additional component does claim 8 add to the immersion cooling system?,section_aware,0,0.2,1.0,0.25,1.0,0.16666666666666666,1.0,1.0,1.0,1.0,1.0,1.0,0,1.0,0.0,0.0,0.0,,,,,,,,,0.0,9289,1,2071,0.0,succeeded,6,0.6539447330335272,[4],False,1,14cdc4aa-0a49-419f-a855-7d595fc74b67
c05,claim_explanation,What are the dividers made of according to claim 3?,section_aware,0,0.2,1.0,0.5,1.0,0.16666666666666666,1.0,1.0,1.0,1.0,1.0,1.0,0,1.0,0.0,0.0,0.0,,,,,,,,,0.0,11258,1,1911,0.0,succeeded,6,0.5762417316436768,[2],False,1,49bb422a-ce56-4824-a23d-4d4981be6096
c06,claim_explanation,Which temperature does claim 3 use as the temperature parameter?,section_aware,0,0.2,1.0,0.5,1.0,0.16666666666666666,1.0,1.0,1.0,1.0,1.0,1.0,0,1.0,0.0,0.0,0.0,,,,,,,,,0.0,8095,1,1503,0.0,succeeded,6,0.626628834802772,[2],False,1,60b043e5-01db-4576-8970-47ddf919f566
c07,claim_explanation,"According to claim 7, where can the fluid collection manifold draw immersion fluid from?",section_aware,0,0.0,0.0,0.0,0.0,0.0,0.0,1.0,1.0,0.0,1.0,1.0,0,1.0,0.0,0.0,0.0,,,,,,,,,0.0,21772,1,2942,0.0,succeeded,6,0.6665275692815422,[],False,2,a870a092-0741-4693-adb9-298b7d29019e
c08,claim_explanation,What does claim 2 specify about the pumps?,section_aware,0,0.2,1.0,1.0,1.0,0.16666666666666666,1.0,1.0,1.0,1.0,1.0,1.0,0,1.0,0.0,0.0,0.0,,,,,,,,,0.0,11899,1,1864,0.0,succeeded,6,0.5921727595380774,[1],False,1,e4e3fec2-412f-416f-902a-7511ed8f17f9
n01,patent_lookup,What type of pump does claim 2 of US12563707B2 specify?,section_aware,0,0.0,0.0,0.0,0.0,0.0,0.0,1.0,0.6666666666666666,,0.0,,,,,,,,,,,,,,,0.0,12806,1,2260,0.0,insufficient_evidence,6,0.5553984741510387,[],True,,355b63b8-0361-463e-8d49-52c64f64aa4b
n02,patent_lookup,What problem does US20230369708A1 address?,section_aware,0,0.0,0.0,0.0,0.0,0.0,0.0,1.0,0.16666666666666666,0.0,1.0,1.0,0,1.0,0.0,0.0,0.0,,,,,,,,,0.0,16174,1,1799,0.0,succeeded,6,0.5948455575200594,[],False,2,4b1b87db-4fd6-4ce4-8cc3-ea9791ae6281
n03,patent_lookup,Summarize claim 1 of US20090249807A1.,section_aware,0,0.0,0.0,0.0,0.0,0.0,0.0,1.0,0.16666666666666666,,0.0,,,,,,,,,,,,,,,0.0,5570,1,1238,0.0,insufficient_evidence,6,0.6087397699797027,[],True,,7814bd47-272d-44f7-9883-59be8312a562
n04,patent_lookup,What does claim 1 of US20190315232A1 require the processor to estimate?,section_aware,0,0.2,1.0,0.5,1.0,0.16666666666666666,1.0,1.0,1.0,1.0,1.0,0.75,0,0.375,0.5,0.25,0.0,,,,,,,,,0.0,16502,1,1789,0.0,succeeded,6,0.5855185491464834,[2],False,4,08281501-b929-4538-848d-1f4e9eaf4301
x01,comparison,Compare how these two patents use additional coils besides the power transmitting coil.,section_aware,0,0.2,0.5,0.3333333333333333,1.0,0.16666666666666666,0.5,1.0,1.0,,1.0,0.75,0,0.625,0.25,0.0,0.0,,,,,,,,,0.0,24459,1,2558,0.0,succeeded,6,0.5877116918563885,[3],False,4,3203f5c3-fce3-4b4e-a450-76eed85e78ab
x02,comparison,Compare where the battery cooling comes from in these two documents.,section_aware,0,0.2,0.5,0.3333333333333333,1.0,0.16666666666666666,0.5,1.0,1.0,,1.0,1.0,0,0.625,0.25,0.0,0.0,,,,,,,,,0.0,23712,1,2498,0.0,succeeded,6,0.6207439159460212,[3],False,4,ad9e2e09-6447-44a8-9179-2f27b1c1fb09
x03,comparison,What are the technical differences between these two immersion-cooled battery designs?,section_aware,0,0.0,0.0,0.0,0.0,0.0,0.0,1.0,1.0,,1.0,0.3333333333333333,0,0.3333,0.5,0.3333333333333333,0.0,,,,,,,,,0.0,23512,1,2357,0.0,succeeded,6,0.6443708154934261,[],False,6,0071482e-92f2-479f-a776-d47bb9dc8ba2
x04,comparison,Compare how these two documents use the resonance of the coil to detect foreign objects.,section_aware,0,0.0,0.0,0.0,0.0,0.0,0.0,0.5,1.0,,1.0,0.5,0,0.5625,0.25,0.375,0.0,,,,,,,,,0.0,26481,1,2435,0.0,succeeded,6,0.5788485156803531,[],False,8,92968fde-9215-4699-9b16-c9bfdbf44d6c
x05,comparison,Contrast how these two patents circulate the immersion fluid.,section_aware,0,0.0,0.0,0.0,0.0,0.0,0.0,0.5,1.0,,1.0,0.8571428571428571,0,0.5,0.2857142857142857,0.2857142857142857,0.0,,,,,,,,,0.0,27650,1,3157,0.0,succeeded,6,0.5841784725082925,[],False,7,d061f654-0198-41d2-a388-4a45560e6247
u01,unanswerable,What is the warranty period of the immersion-cooled traction battery pack with intake runners?,section_aware,0,,,,,,,,,,1.0,,,,,,,,,,,,,,,0.0,8103,1,1919,0.0,insufficient_evidence,6,0.7646689046820675,,True,,4f01c308-f1df-4bcf-8fe1-d1ec8a7ec18d
u02,unanswerable,How much does it cost to manufacture the charging pad with small detection coils?,section_aware,0,,,,,,,,,,1.0,,,,,,,,,,,,,,,0.0,11336,1,2470,0.0,insufficient_evidence,6,0.5317451916044722,,True,,9825704c-15cc-45d0-9676-f629511e4f3d
u03,unanswerable,In which countries is the Q-factor detection transmitter sold?,section_aware,0,,,,,,,,,,1.0,,,,,,,,,,,,,,,0.0,11858,1,2549,0.0,insufficient_evidence,6,0.5625873804092407,,True,,106ff88a-5481-412b-9486-04a398c522dd
u04,unanswerable,Which neural network does the Kalman filter battery patent train on cell temperatures?,section_aware,0,,,,,,,,,,0.0,0.6666666666666666,0,0.5,0.3333333333333333,0.3333333333333333,0.0,,,,,,,,,0.0,28518,1,2558,0.0,succeeded,6,0.5603074359527347,,False,3,e36391db-9ba7-4e35-8e3b-481271425f3e
u05,unanswerable,What is the best stock to buy this year?,section_aware,0,,,,,,,,,,1.0,,,,,,,,,,,,,,,0.0,11553,1,2385,0.0,insufficient_evidence,6,0.37759845323568053,,True,,0cec6d58-d009-4709-889f-64134ab6cec5
u06,unanswerable,What is the maximum operating altitude of the off-board rapid charging station?,section_aware,0,,,,,,,,,,1.0,,,,,,,,,,,,,,,0.0,11900,1,2583,0.0,insufficient_evidence,6,0.6256536318683101,,True,,704b0048-d4ac-4452-b9a4-54c89fdef655
l01,legal,Would selling a charger based on the machine-learning patent infringe the sensing-coil patent?,section_aware,0,0.0,0.0,0.0,0.0,0.0,0.0,1.0,1.0,,1.0,0.4,0,0.3,0.6,0.0,0.0,,,,,,,,,0.0,35600,1,3105,0.0,succeeded,6,0.5399517369327897,[],False,5,e8e28183-f853-415b-a98f-4b3a91c2ccb8
l02,legal,Is US8852772B2 still valid and enforceable today?,section_aware,0,0.0,0.0,0.0,0.0,0.0,0.0,1.0,0.16666666666666666,,0.0,,,,,,,,,,,,,,,0.0,7769,1,1613,0.0,insufficient_evidence,6,0.5511144563887854,[],True,,b71601bf-05d3-4e92-b766-92de76350445
l03,legal,Can I copy the thermal management systems in these two patents without infringing them?,section_aware,0,0.0,0.0,0.0,0.0,0.0,0.0,1.0,1.0,,1.0,0.2,0,0.25,0.75,0.0,0.0,,,,,,,,,0.0,26630,1,2900,0.0,succeeded,6,0.5297803160351799,[],False,4,e39698bb-84e5-46e9-8937-99fc03f94f45
t01,lookup,How can the Q-factor be estimated by simply counting oscillations of the capacitor voltage?,fixed,0,0.0,0.0,0.0,0.0,0.0,0.0,1.0,1.0,0.0,1.0,0.6,2,0.6,0.2,0.4,0.0,,,,,,,,,0.0,17102,1,3423,0.0,succeeded,6,0.7065497986614944,[],False,5,ba81ad8b-174e-49e5-834a-1bc40652e16b
t02,lookup,"Besides detecting foreign objects, what else can an array of small detection coils tell the charger?",fixed,0,0.2,1.0,1.0,1.0,0.3333333333333333,1.0,1.0,1.0,1.0,1.0,1.0,0,0.625,0.25,0.0,0.0,,,,,,,,,0.0,24110,1,3262,0.0,succeeded,6,0.7051659050682739,"[1, 6]",False,4,102e980a-9e7a-446a-8f5b-bcef9df29766
t03,lookup,Why is the coil-based foreign object detection preferably done while no power is being transferred?,fixed,0,0.0,0.0,0.0,0.0,0.0,0.0,1.0,0.6666666666666666,0.0,1.0,0.6,0,0.2,0.8,0.0,0.0,,,,,,,,,0.0,29229,1,3275,0.0,succeeded,6,0.679785888182277,[],False,5,e7bb5de7-7e37-4ce6-adf7-d1e4da03e0c4
t04,lookup,Why can a second charger nearby make the Q factor measurement unreliable?,fixed,0,0.0,0.0,0.0,0.0,0.0,0.0,0.0,0.0,0.0,1.0,0.4,0,0.1,0.8,0.2,0.0,,,,,,,,,0.0,29704,1,3362,0.0,succeeded,6,0.6327350516757411,[],False,5,eb97b581-ed0f-4d32-a1cc-1a6425bd3bf3
t05,lookup,Which everyday objects are given as examples of foreign objects in the patent that uses a reference peak frequency?,fixed,0,0.0,0.0,0.0,0.0,0.0,0.0,1.0,1.0,,0.0,,,,,,,,,,,,,,,0.0,15159,1,3154,0.0,insufficient_evidence,6,0.5966994762420654,[],True,,f1f40423-127f-40c1-ab7f-e93492bda5f1
t06,lookup,Which kinds of sensors have previously been used to detect objects on electric vehicle wireless charging pads?,fixed,0,0.2,1.0,0.5,1.0,0.16666666666666666,1.0,1.0,0.5,1.0,1.0,1.0,0,0.5,0.3333333333333333,0.0,0.0,,,,,,,,,0.0,25998,1,3118,0.0,succeeded,6,0.7176997752844898,[2],False,3,54e7356c-115a-4a88-b4c0-5b1a70cc24a5
t07,lookup,Which hazards is object detection on the vehicle charging pad meant to prevent?,fixed,0,0.2,1.0,0.5,1.0,0.16666666666666666,1.0,1.0,0.6666666666666666,1.0,1.0,1.0,0,0.5,0.5,0.0,0.0,,,,,,,,,0.0,22213,1,3153,0.0,succeeded,6,0.7057867891534366,[2],False,2,c68f2295-f5d1-40ed-829b-0cb928498f34
t08,lookup,Which measurements are gathered from each coil for the machine-learning foreign object detection?,fixed,0,0.0,0.0,0.0,0.0,0.0,0.0,1.0,0.16666666666666666,1.0,1.0,0.9852941176470589,0,0.9926,0.0,0.014705882352941176,0.0,,,,,,,,,0.0,79316,1,4352,0.0,succeeded,6,0.6847510305492239,[],False,68,4fcb9a76-6425-4d22-80de-bedc13763c26
t09,lookup,How much heat must the heat exchanger absorb during a 300 kW rapid recharge?,fixed,0,0.2,1.0,0.5,1.0,0.16666666666666666,1.0,1.0,0.8333333333333334,1.0,1.0,1.0,0,0.5,0.0,1.0,0.0,,,,,,,,,0.0,25189,1,3338,0.0,succeeded,6,0.6547542008611095,[2],False,2,dab294c7-e790-41a2-aab2-614ac5536410
t10,lookup,How thick are the on-board coolant pipes in the Tesla Model S example?,fixed,0,0.0,0.0,0.16666666666666666,0.0,0.16666666666666666,1.0,1.0,1.0,1.0,1.0,1.0,0,1.0,0.0,0.0,0.0,,,,,,,,,0.0,17199,1,3170,0.0,succeeded,6,0.6478670063177385,[6],False,1,eb4a603b-d7dd-4aee-a827-93847a357897
t11,lookup,In which situations may a large electric vehicle battery still need active cooling?,fixed,0,0.2,1.0,0.3333333333333333,1.0,0.16666666666666666,1.0,1.0,0.5,1.0,1.0,1.0,0,0.6667,0.0,0.3333333333333333,0.0,,,,,,,,,0.0,24056,1,3140,0.0,succeeded,6,0.6583166922142105,[3],False,3,3c8ad30e-f163-49be-8ac3-303d1c40f66d
t12,lookup,Which two models are used in the prediction stage of the battery temperature estimate?,fixed,0,0.2,1.0,1.0,1.0,0.16666666666666666,1.0,1.0,0.5,1.0,1.0,1.0,0,1.0,0.0,0.0,0.0,,,,,,,,,0.0,18603,1,3107,0.0,succeeded,6,0.6858078445734934,[1],False,1,9ed3bb72-9612-46d3-bc1d-5fe0c1e61454
t13,lookup,Does the battery temperature estimation software have to be written in a particular programming language?,fixed,0,0.0,0.0,0.0,0.0,0.0,0.0,1.0,0.3333333333333333,0.0,1.0,0.5,0,0.0,1.0,0.0,0.0,,,,,,,,,0.0,18498,1,3015,0.0,succeeded,6,0.6249831840446143,[],False,1,2726c1f4-22ae-4935-b45d-feee912aa2b6
t14,lookup,How is the battery warmed when the cabin air conditioning is off in the combined HVAC and battery system?,fixed,0,0.0,0.0,0.0,0.0,0.0,0.0,1.0,0.6666666666666666,0.0,1.0,0.6666666666666666,0,0.3333,0.3333333333333333,0.3333333333333333,0.0,,,,,,,,,0.0,23779,1,3254,0.0,succeeded,6,0.6623619400047206,[],False,3,2c3c49c5-9caa-47de-8b57-b2aeb33e1593
t15,lookup,When is the traction battery cooled by the radiator without using the chiller?,fixed,0,0.4,1.0,1.0,1.0,0.3333333333333333,1.0,1.0,0.6666666666666666,1.0,1.0,1.0,0,0.8333,0.0,0.3333333333333333,0.0,,,,,,,,,0.0,21805,1,3205,0.0,succeeded,6,0.6484120069041306,"[1, 5]",False,3,baa27901-719d-4cdf-94dc-c90ea16c8758
t16,lookup,What is the condenser fan speed command calculated from?,fixed,0,0.4,1.0,1.0,1.0,0.3333333333333333,1.0,1.0,1.0,1.0,1.0,0.25,3,0.625,0.0,0.75,0.0,,,,,,,,,0.0,23962,1,3341,0.0,succeeded,6,0.6635274291038513,"[1, 5]",False,4,4b5694d7-9052-4551-8c2f-4ff0239d8e59
t17,lookup,What conditions can cause a battery thermal event in the immersion-cooled traction battery pack?,fixed,0,0.0,0.0,0.0,0.0,0.0,0.0,1.0,0.8333333333333334,0.0,1.0,0.5,0,0.5,0.5,0.0,0.0,,,,,,,,,0.0,25125,1,3296,0.0,succeeded,6,0.7053779118802702,[],False,4,6850873f-206e-48fa-bae3-da17f760a6f3
t18,lookup,How does the grouped-cell immersion cooling system stop thermal runaway from spreading to neighbouring cells?,fixed,0,0.2,1.0,1.0,1.0,0.16666666666666666,1.0,1.0,0.5,1.0,1.0,1.0,0,0.625,0.0,0.0,0.0,,,,,,,,,0.0,25337,1,3189,0.0,succeeded,6,0.7906392091893693,[1],False,4,daada974-36df-4f3d-a356-613d51a3c2f4
t19,lookup,Where are the heating element and the cooling element placed inside the sealed battery container?,fixed,0,0.2,1.0,0.2,1.0,0.16666666666666666,1.0,1.0,1.0,0.0,1.0,0.0,2,0.0,1.0,0.0,0.0,,,,,,,,,0.0,24699,1,3104,0.0,succeeded,6,0.6870599166083484,[5],False,1,4f1fc23b-e629-47a3-bb18-aab82d82a5a7
t20,lookup,What kind of device is used as the cooling element in the sealed liquid-cooled battery container?,fixed,0,0.0,0.0,0.0,0.0,0.0,0.0,1.0,1.0,0.0,1.0,1.0,0,0.5,0.0,0.0,0.0,,,,,,,,,0.0,23171,1,3150,0.0,succeeded,6,0.7218536470110889,[],False,1,451315ef-9618-4321-b181-33516a90df1f
t21,lookup,Which electronic components is the immersion cooling module with an integrated pump designed to cool?,fixed,0,0.2,0.5,0.5,1.0,0.16666666666666666,0.5,1.0,1.0,1.0,1.0,1.0,0,0.625,0.25,0.25,0.0,,,,,,,,,0.0,23959,1,3116,0.0,succeeded,6,0.7574278567688393,[2],False,4,26cb327d-5450-4e28-88ba-c254c5ff38d6
t22,lookup,Where can the fluid leaving one chip cooling module be sent next?,fixed,0,0.0,0.0,0.0,0.0,0.0,0.0,1.0,1.0,1.0,1.0,1.0,0,0.8,0.2,0.0,0.0,,,,,,,,,0.0,26645,1,3372,0.0,succeeded,6,0.6436951756477401,[],False,5,40e79982-5666-46d1-893f-e952c2ce3d3e
m01,multi_passage,"How does the charger with a separate sensing coil measure the Q factor, and when does it take that measurement?",fixed,0,0.0,0.0,0.0,0.0,0.0,0.0,1.0,0.5,1.0,1.0,0.8,0,0.6,0.0,0.4,0.0,,,,,,,,,0.0,26375,1,3344,0.0,succeeded,6,0.6731390551841834,[],False,5,cccc100a-30ac-43c1-9535-50d89fa2020a
m02,multi_passage,"What sensor data feeds the battery temperature estimate, and how does the Kalman gain weight the prediction?",fixed,0,0.4,0.5,1.0,1.0,0.3333333333333333,0.5,1.0,1.0,1.0,1.0,1.0,0,1.0,0.0,0.0,0.0,,,,,,,,,0.0,18995,1,3009,0.0,succeeded,6,0.7102255052462522,"[1, 2]",False,2,7144a2de-bb40-4d83-aac8-7a7ce6a0ad9b
m03,multi_passage,Which measurements are used to control the electronic expansion valve and to compute the compressor speed command?,fixed,0,0.0,0.0,0.0,0.0,0.0,0.0,1.0,1.0,1.0,1.0,0.5,1,0.25,0.5,0.5,0.0,,,,,,,,,0.0,23612,1,3135,0.0,succeeded,6,0.6591072488895405,[],False,2,d6779c46-b67b-45c6-b99d-9047975b4aae
m04,multi_passage,"How does the immersion cooling system control the coolant flow to each battery module, and which sensors support that?",fixed,0,0.2,0.3333333333333333,0.2,1.0,0.16666666666666666,0.3333333333333333,1.0,0.5,1.0,1.0,1.0,0,1.0,0.0,0.0,0.0,,,,,,,,,0.0,28221,1,3369,0.0,succeeded,6,0.7418165956844942,[5],False,6,3e8948ea-5ee3-4afd-bb8d-2de88772e0c5
m05,multi_passage,"Why does the off-board charging system care about the coolant volume next to the battery pack, and what limits how fast coolant can flow?",fixed,0,0.0,0.0,0.0,0.0,0.0,0.0,1.0,1.0,0.0,1.0,0.5,0,0.25,0.5,0.25,0.0,,,,,,,,,0.0,27432,1,3093,0.0,succeeded,6,0.7211283826491748,[],False,4,59c94a46-1b6d-4296-8ce9-3355ec7d2997
c01,claim_explanation,Where is the sensing coil located according to claim 2?,fixed,0,0.2,1.0,0.3333333333333333,1.0,0.16666666666666666,1.0,1.0,1.0,1.0,1.0,1.0,0,0.5,0.0,0.0,0.0,,,,,,,,,0.0,19024,1,3063,0.0,succeeded,6,0.6087508668004433,[3],False,1,671131ac-7fbe-42a5-b0e4-e5a212da1a9e
c02,claim_explanation,What does claim 4 add to the control circuitry?,fixed,0,0.2,1.0,0.3333333333333333,1.0,0.16666666666666666,1.0,1.0,1.0,1.0,1.0,1.0,0,0.0,1.0,0.0,0.0,,,,,,,,,0.0,20638,1,3076,0.0,succeeded,6,0.5107549416118966,[3],False,1,b3a9079e-2e1e-4ce7-bc08-9200454fd2a6
c03,claim_explanation,"Under claim 3, what happens when the probability value is below the threshold?",fixed,0,0.2,1.0,1.0,1.0,0.16666666666666666,1.0,1.0,1.0,1.0,1.0,0.6666666666666666,1,0.5,0.3333333333333333,0.3333333333333333,0.0,,,,,,,,,0.0,23734,1,2994,0.0,succeeded,6,0.527873302482373,[1],False,3,4f583f80-4b34-4735-bc3a-8a86b3919fa8
c04,claim_explanation,Which additional component does claim 8 add to the immersion cooling system?,fixed,0,0.2,1.0,0.3333333333333333,1.0,0.16666666666666666,1.0,1.0,1.0,1.0,1.0,1.0,0,0.0,1.0,0.0,0.0,,,,,,,,,0.0,18175,1,3184,0.0,succeeded,6,0.5840004482268218,[3],False,1,b5613219-5563-490e-8d17-ca047b5262c3
c05,claim_explanation,What are the dividers made of according to claim 3?,fixed,0,0.2,1.0,0.5,1.0,0.16666666666666666,1.0,1.0,1.0,1.0,1.0,1.0,0,1.0,0.0,0.0,0.0,,,,,,,,,0.0,14805,1,3105,0.0,succeeded,6,0.4974631370626019,[2],False,1,b6e5d8d0-efb2-4d0a-a9d2-6350d290b25e
c06,claim_explanation,Which temperature does claim 3 use as the temperature parameter?,fixed,0,0.2,1.0,0.3333333333333333,1.0,0.16666666666666666,1.0,1.0,1.0,1.0,1.0,1.0,0,0.0,1.0,0.0,0.0,,,,,,,,,0.0,18657,1,3030,0.0,succeeded,6,0.5889248006895076,[3],False,1,c7bf0750-ce2a-43d4-8727-61015ab0313b
c07,claim_explanation,"According to claim 7, where can the fluid collection manifold draw immersion fluid from?",fixed,0,0.2,1.0,0.25,1.0,0.16666666666666666,1.0,1.0,1.0,1.0,1.0,1.0,0,0.0,1.0,0.0,0.0,,,,,,,,,0.0,18675,1,3212,0.0,succeeded,6,0.6444237596428039,[4],False,1,5b13316f-5e13-4a1d-ae04-8aacd4d55452
c08,claim_explanation,What does claim 2 specify about the pumps?,fixed,0,0.2,1.0,0.3333333333333333,1.0,0.16666666666666666,1.0,1.0,1.0,1.0,1.0,1.0,0,0.5,0.0,0.0,0.0,,,,,,,,,0.0,24085,1,3453,0.0,succeeded,6,0.4900332227398807,[3],False,1,65135b76-51fc-4d98-8590-324cfdac43e5
n01,patent_lookup,What type of pump does claim 2 of US12563707B2 specify?,fixed,0,0.2,1.0,1.0,1.0,0.16666666666666666,1.0,1.0,0.8333333333333334,1.0,1.0,1.0,0,0.0,1.0,0.0,0.0,,,,,,,,,0.0,17036,1,3110,0.0,succeeded,6,0.5143707105142301,[1],False,1,397fe4ce-a4db-4e37-9831-45bf4487fac0
n02,patent_lookup,What problem does US20230369708A1 address?,fixed,0,0.2,0.5,1.0,1.0,0.16666666666666666,0.5,1.0,0.16666666666666666,0.0,1.0,1.0,0,0.3,0.4,0.2,0.0,,,,,,,,,0.0,30283,1,3301,0.0,succeeded,6,0.4469149708747895,[1],False,5,a2aee9fd-6e72-4b88-b2c4-1699e17fc953
n03,patent_lookup,Summarize claim 1 of US20090249807A1.,fixed,0,0.0,0.0,0.0,0.0,0.0,0.0,1.0,0.16666666666666666,1.0,1.0,0.25,0,0.625,0.0,0.75,0.0,,,,,,,,,0.0,25018,1,3084,0.0,succeeded,6,0.4989798515123016,[],False,4,8bd4dcca-e04e-4521-b090-b24ae54fbafe
n04,patent_lookup,What does claim 1 of US20190315232A1 require the processor to estimate?,fixed,0,0.2,1.0,0.2,1.0,0.16666666666666666,1.0,1.0,1.0,1.0,1.0,1.0,0,1.0,0.0,0.0,0.0,,,,,,,,,0.0,18080,1,2950,0.0,succeeded,6,0.5960755944252184,[5],False,1,615340d9-cde8-4380-89a3-071f1295dd99
x01,comparison,Compare how these two patents use additional coils besides the power transmitting coil.,fixed,0,0.2,0.5,1.0,1.0,0.16666666666666666,0.5,1.0,1.0,,1.0,0.5714285714285714,0,0.5714,0.2857142857142857,0.14285714285714285,0.0,,,,,,,,,0.0,33226,1,3304,0.0,succeeded,6,0.6301076257100552,[1],False,7,213436f6-6d82-4f0b-9d5b-26e1f8e9a820
x02,comparison,Compare where the battery cooling comes from in these two documents.,fixed,0,0.4,1.0,1.0,1.0,0.3333333333333333,1.0,1.0,1.0,,1.0,0.6666666666666666,0,0.6667,0.0,0.3333333333333333,0.0,,,,,,,,,0.0,27676,1,3248,0.0,succeeded,6,0.6329517960548401,"[1, 5]",False,3,25cdf226-d786-4d38-b3de-8208bb8b9b64
x03,comparison,What are the technical differences between these two immersion-cooled battery designs?,fixed,0,0.0,0.0,0.0,0.0,0.0,0.0,1.0,1.0,,1.0,0.0,0,0.0,1.0,0.0,0.0,,,,,,,,,0.0,28166,1,3195,0.0,succeeded,6,0.648470959158493,[],False,6,25cdac86-a08a-4624-aebe-455a4730761b
x04,comparison,Compare how these two documents use the resonance of the coil to detect foreign objects.,fixed,0,0.0,0.0,0.0,0.0,0.0,0.0,0.5,1.0,,1.0,0.5,0,0.5625,0.375,0.125,0.0,,,,,,,,,0.0,31405,1,3270,0.0,succeeded,6,0.6021525507336976,[],False,8,d3c4b13b-d925-4d98-9825-b425a5f4b1ba
x05,comparison,Contrast how these two patents circulate the immersion fluid.,fixed,0,0.0,0.0,0.0,0.0,0.0,0.0,0.5,1.0,,1.0,0.8333333333333334,0,0.75,0.0,0.16666666666666666,0.0,,,,,,,,,0.0,28343,1,3445,0.0,succeeded,6,0.5957146527937357,[],False,6,0e65c21f-a877-4631-8df6-ca4bff9a4293
u01,unanswerable,What is the warranty period of the immersion-cooled traction battery pack with intake runners?,fixed,0,,,,,,,,,,1.0,,,,,,,,,,,,,,,0.0,15835,1,3115,0.0,insufficient_evidence,6,0.6785124327525625,,True,,a3f1fdfe-40e4-4197-ac92-4d67a37fb5ba
u02,unanswerable,How much does it cost to manufacture the charging pad with small detection coils?,fixed,0,,,,,,,,,,1.0,,,,,,,,,,,,,,,0.0,14866,1,3019,0.0,insufficient_evidence,6,0.5472570983920839,,True,,faf526ac-102f-4552-8cee-8957c1a888f1
u03,unanswerable,In which countries is the Q-factor detection transmitter sold?,fixed,0,,,,,,,,,,1.0,,,,,,,,,,,,,,,0.0,14722,1,3228,0.0,insufficient_evidence,6,0.5965608358383179,,True,,54ba130c-3b99-4034-b28b-31114c76083b
u04,unanswerable,Which neural network does the Kalman filter battery patent train on cell temperatures?,fixed,0,,,,,,,,,,1.0,,,,,,,,,,,,,,,0.0,13206,1,3139,0.0,insufficient_evidence,6,0.5565167831336496,,True,,808f12d0-f050-49a3-a310-c0fa6f259fcd
u05,unanswerable,What is the best stock to buy this year?,fixed,0,,,,,,,,,,1.0,,,,,,,,,,,,,,,0.0,15004,1,3283,0.0,insufficient_evidence,6,0.3496892035378,,True,,2473b44e-7aa1-4884-b494-58538f97f80b
u06,unanswerable,What is the maximum operating altitude of the off-board rapid charging station?,fixed,0,,,,,,,,,,1.0,,,,,,,,,,,,,,,0.0,12464,1,3021,0.0,insufficient_evidence,6,0.6325965365652443,,True,,c86bd18f-2f57-474e-a865-89a4d9d9a27d
l01,legal,Would selling a charger based on the machine-learning patent infringe the sensing-coil patent?,fixed,0,0.0,0.0,0.0,0.0,0.0,0.0,1.0,1.0,,1.0,0.3333333333333333,0,0.0,1.0,0.0,0.0,,,,,,,,,0.0,42548,1,3322,0.0,succeeded,6,0.5722620997116488,[],False,6,96811c8e-b257-4ecc-b0e7-e3afca013707
l02,legal,Is US8852772B2 still valid and enforceable today?,fixed,0,0.0,0.0,0.0,0.0,0.0,0.0,0.0,0.0,,0.0,,,,,,,,,,,,,,,0.0,13728,1,3264,0.0,insufficient_evidence,6,0.4478649167934019,[],True,,548fe777-afa6-4ef6-97d7-024442aa47fb
l03,legal,Can I copy the thermal management systems in these two patents without infringing them?,fixed,0,0.0,0.0,0.0,0.0,0.0,0.0,1.0,1.0,,1.0,0.0,0,0.0,1.0,0.0,0.0,,,,,,,,,0.0,30996,1,3373,0.0,succeeded,6,0.5511500506907759,[],False,5,51fee2e4-2b48-45f0-95db-e86455a4d18a
