item_id,item_type,question,precision_at_k,recall_at_k,mrr,hit_at_k,context_precision,context_recall,key_fact_recall,abstention_correct,citation_coverage,invalid_citations,grounding_score,unsupported_rate,misattribution_rate,regenerated,regeneration_gain,intent_correct,tool_precision,tool_recall,tools_exact,legal_flag_correct,failed,latency_ms,llm_calls,total_tokens,cost_usd,status,n_retrieved,top_similarity,relevant_ranks,abstained,claims_checked,run_id,variant,repeat,tools_used,intent
q01,lookup,How often does the controller sample the thermistors on the battery cells?,0.2,1.0,0.25,1.0,0.16666666666666666,1.0,0.0,1.0,1.0,0,1.0,0.0,0.0,0.0,,,,,,,0.0,19,1,798,0.0,succeeded,6,0.43301270702519157,[4],False,1,872c0593-2db1-45d1-84ca-c0235447ce62,baseline,0,,
q02,lookup,What coolant does the variable-speed pump circulate through the cooling channels?,0.2,1.0,0.5,1.0,0.16666666666666666,1.0,0.0,1.0,1.0,0,1.0,0.0,0.0,0.0,,,,,,,0.0,12,1,879,0.0,succeeded,6,0.38490016415417694,[2],False,1,db061aaf-ea1b-4d47-a0f7-85f6864d0ca6,baseline,0,,
q03,lookup,Which control law does the controller use to set the coolant pump speed?,0.2,1.0,1.0,1.0,0.16666666666666666,1.0,0.0,1.0,1.0,0,1.0,0.0,0.0,0.0,,,,,,,0.0,12,1,824,0.0,succeeded,6,0.26574702654761284,[1],False,1,7bf1b453-2e6d-4ec8-b1a0-1cfb0aa50913,baseline,0,,
q04,lookup,"Above what temperature do lithium-ion cells degrade quickly, according to the background?",0.2,1.0,1.0,1.0,0.16666666666666666,1.0,1.0,1.0,1.0,0,1.0,0.0,0.0,0.0,,,,,,,0.0,11,1,782,0.0,succeeded,6,0.4103913658624081,[1],False,1,6cf70d66-7dc2-4521-bbc0-cbbdcfa51a5f,baseline,0,,
q05,lookup,What happens when a cell's estimated core temperature rises faster than 2 degrees Celsius per minute?,0.2,0.5,1.0,1.0,0.16666666666666666,0.5,0.0,1.0,1.0,0,1.0,0.0,0.0,0.0,,,,,,,0.0,12,1,797,0.0,succeeded,6,0.4419489170282441,[1],False,2,a152ffd0-dcfc-4749-8a6d-192fd9883738,baseline,0,,
q06,lookup,How does the charging pad detect a metallic foreign object such as a coin?,0.6,1.0,0.5,1.0,0.5,1.0,0.0,1.0,1.0,0,1.0,0.0,0.0,0.0,,,,,,,0.0,13,1,546,0.0,succeeded,6,0.5345225493467616,"[2, 4, 5]",False,2,58efc05a-c439-425a-b70d-4b5fdb3dbbda,baseline,0,,
q07,lookup,Why can metal objects between a charging pad and a phone be dangerous?,0.2,1.0,1.0,1.0,0.16666666666666666,1.0,1.0,1.0,1.0,0,1.0,0.0,0.0,0.0,,,,,,,0.0,12,1,560,0.0,succeeded,6,0.6390097141265869,[1],False,2,a6692c73-2f9e-494b-bf90-1b3f1648508a,baseline,0,,
q08,lookup,What kind of dielectric fluid fills the immersion-cooled battery module enclosure?,0.2,0.5,0.3333333333333333,1.0,0.3333333333333333,1.0,0.0,1.0,1.0,0,1.0,0.0,0.0,0.0,,,,,,,0.0,10,1,658,0.0,succeeded,6,0.7559289561488917,"[3, 6]",False,1,aa6bf96f-026b-4b5c-bbcd-2ddc919b0240,baseline,0,,
q09,lookup,Where does the immersion module's heat exchanger send the heat it removes?,0.2,1.0,0.25,1.0,0.16666666666666666,1.0,0.0,1.0,1.0,0,1.0,0.0,0.0,0.0,,,,,,,0.0,10,1,730,0.0,succeeded,6,0.23904580655557583,[4],False,2,8a23b761-49fa-49b6-a051-a418e00b9bfe,baseline,0,,
q10,multi_passage,How does the battery thermal management system estimate the core temperature of each cell?,0.4,0.6666666666666666,0.3333333333333333,1.0,0.3333333333333333,0.6666666666666666,0.0,1.0,1.0,0,1.0,0.0,0.0,0.0,,,,,,,0.0,10,1,754,0.0,succeeded,6,0.6285393238067627,"[3, 4]",False,1,8534531d-a9b2-483e-95ed-a1c595ec071c,baseline,0,,
q11,multi_passage,What does the immersion-cooled module do when the dielectric fluid level drops too low?,0.4,1.0,0.25,1.0,0.3333333333333333,1.0,0.0,1.0,1.0,0,1.0,0.0,0.0,0.0,,,,,,,0.0,11,1,686,0.0,succeeded,6,0.5976143301244303,"[4, 5]",False,1,1ab5da28-0c96-48fd-bc55-cb4a4a8bbddc,baseline,0,,
q12,claim_explanation,What does claim 3 add to the system of claim 1?,0.2,1.0,1.0,1.0,0.16666666666666666,1.0,0.0,1.0,1.0,0,,,,,,,,,,,0.0,9,1,539,0.0,succeeded,6,0.4264014617443963,[1],False,,3c8871a7-fc5d-4ca6-9bc3-19963da5292c,baseline,0,,
q13,claim_explanation,What does claim 4 specify about the temperature sensor?,0.2,1.0,1.0,1.0,0.16666666666666666,1.0,0.0,1.0,1.0,0,1.0,0.0,0.0,0.0,,,,,,,0.0,9,1,730,0.0,succeeded,6,0.49236605993205873,[1],False,1,06fa094a-9ccb-4e6b-9a81-b0621fef5b73,baseline,0,,
q14,claim_explanation,What does claim 2 of this document add?,0.2,1.0,1.0,1.0,0.16666666666666666,1.0,0.0,1.0,1.0,0,1.0,0.0,0.0,0.0,,,,,,,0.0,7,1,478,0.0,succeeded,6,0.24253571033477783,[1],False,1,175f3ed6-98b7-4891-97e3-6bb37bbfe737,baseline,0,,
q15,claim_explanation,Which elements does claim 1 of this document require?,0.2,1.0,0.25,1.0,0.16666666666666666,1.0,0.0,1.0,1.0,0,,,,,,,,,,,0.0,7,1,585,0.0,succeeded,6,0.2236068844795227,[4],False,,a4edfc6c-55c6-4dde-894f-67625c419a47,baseline,0,,
q16,comparison,Compare how these two documents cool the battery cells.,0.0,0.0,0.16666666666666666,0.0,0.16666666666666666,0.5,,1.0,1.0,0,1.0,0.0,0.0,0.0,,,,,,,0.0,10,1,796,0.0,succeeded,6,0.2672612448710575,[6],False,1,680e8f38-48f3-45c7-bbe1-18dbdb64555f,baseline,0,,
q17,unanswerable,What is the maximum charging power of the battery pack in kilowatts?,,,,,,,,0.0,1.0,0,1.0,0.0,0.0,0.0,,,,,,,0.0,11,1,665,0.0,succeeded,6,0.24618307466951694,,False,1,844a843b-8cd2-48da-8fc0-8c838f1260bf,baseline,0,,
q18,unanswerable,Which smartphone models are certified to use the wireless charging pad?,,,,,,,,0.0,1.0,0,1.0,0.0,0.0,0.0,,,,,,,0.0,10,1,646,0.0,succeeded,6,0.4285715052059743,,False,1,ecad36d7-6ae1-45e0-b937-5a9a0896779f,baseline,0,,
q19,unanswerable,What wind speed does the turbine blade pitch controller tolerate?,,,,,,,,0.0,1.0,0,1.0,0.0,0.0,0.0,,,,,,,0.0,10,1,730,0.0,succeeded,6,0.17817423809613242,,False,1,fe4a1811-d61a-4c51-9dfd-bf5a1099f44b,baseline,0,,
q20,legal,Does the immersion cooling document infringe claim 1 of the battery thermal management patent?,0.2,0.5,1.0,1.0,0.16666666666666666,0.5,,1.0,1.0,0,1.0,0.0,0.0,0.0,,,,,,,0.0,12,1,544,0.0,succeeded,6,0.33541027692495184,[1],False,1,b813701f-0dd6-433b-a9a6-0c12fc61faa4,baseline,0,,
q01,lookup,How often does the controller sample the thermistors on the battery cells?,0.2,1.0,0.25,1.0,0.16666666666666666,1.0,0.0,1.0,1.0,0,1.0,0.0,0.0,0.0,,1.0,1.0,1.0,1.0,,0.0,23,1,798,0.0,succeeded,6,0.43301270702519157,[4],False,1,3d62362a-069d-4e58-8606-5c489f4563da,agentic,0,"[""search_uploaded_documents""]",document_qa
q02,lookup,What coolant does the variable-speed pump circulate through the cooling channels?,0.2,1.0,0.5,1.0,0.16666666666666666,1.0,0.0,1.0,1.0,0,1.0,0.0,0.0,0.0,,1.0,1.0,1.0,1.0,,0.0,18,1,879,0.0,succeeded,6,0.38490016415417694,[2],False,1,48b3f51e-d0b4-4084-bcd9-69944a2f0f05,agentic,0,"[""search_uploaded_documents""]",document_qa
q03,lookup,Which control law does the controller use to set the coolant pump speed?,0.2,1.0,1.0,1.0,0.16666666666666666,1.0,0.0,1.0,1.0,0,1.0,0.0,0.0,0.0,,1.0,1.0,1.0,1.0,,0.0,17,1,824,0.0,succeeded,6,0.26574702654761284,[1],False,1,8aec9a4a-a5a6-48ba-b4d0-b9a7ca73fcda,agentic,0,"[""search_uploaded_documents""]",document_qa
q04,lookup,"Above what temperature do lithium-ion cells degrade quickly, according to the background?",0.2,1.0,1.0,1.0,0.16666666666666666,1.0,1.0,1.0,1.0,0,1.0,0.0,0.0,0.0,,1.0,0.0,0.0,0.0,,0.0,20,1,782,0.0,succeeded,6,0.30678604204737936,[1],False,1,09b84779-5139-4a37-9f14-a52aef0034c1,agentic,0,"[""retrieve_document_section"", ""retrieve_evidence""]",document_qa
q05,lookup,What happens when a cell's estimated core temperature rises faster than 2 degrees Celsius per minute?,0.2,0.5,1.0,1.0,0.16666666666666666,0.5,0.0,1.0,1.0,0,1.0,0.0,0.0,0.0,,1.0,1.0,1.0,1.0,,0.0,16,1,797,0.0,succeeded,6,0.4419489170282441,[1],False,2,c7a52545-e877-4330-a685-08aaed177adb,agentic,0,"[""search_uploaded_documents""]",document_qa
q06,lookup,How does the charging pad detect a metallic foreign object such as a coin?,0.6,1.0,0.5,1.0,0.5,1.0,0.0,1.0,1.0,0,1.0,0.0,0.0,0.0,,1.0,1.0,1.0,1.0,,0.0,16,1,546,0.0,succeeded,6,0.5345225493467616,"[2, 4, 5]",False,2,1aaba388-d17b-4356-851e-20655e891ee3,agentic,0,"[""search_uploaded_documents""]",document_qa
q07,lookup,Why can metal objects between a charging pad and a phone be dangerous?,0.2,1.0,1.0,1.0,0.16666666666666666,1.0,1.0,1.0,1.0,0,1.0,0.0,0.0,0.0,,1.0,1.0,1.0,1.0,,0.0,16,1,560,0.0,succeeded,6,0.6390097141265869,[1],False,2,d86677be-7bb8-4bc8-99fa-8292b1cfe312,agentic,0,"[""search_uploaded_documents""]",document_qa
q08,lookup,What kind of dielectric fluid fills the immersion-cooled battery module enclosure?,0.2,0.5,0.3333333333333333,1.0,0.3333333333333333,1.0,0.0,1.0,1.0,0,1.0,0.0,0.0,0.0,,1.0,1.0,1.0,1.0,,0.0,16,1,658,0.0,succeeded,6,0.7559289561488917,"[3, 6]",False,1,864284e7-aac6-4450-9c31-d0d51629d0e7,agentic,0,"[""search_uploaded_documents""]",document_qa
q09,lookup,Where does the immersion module's heat exchanger send the heat it removes?,0.2,1.0,0.25,1.0,0.16666666666666666,1.0,0.0,1.0,1.0,0,1.0,0.0,0.0,0.0,,1.0,1.0,1.0,1.0,,0.0,15,1,730,0.0,succeeded,6,0.23904580655557583,[4],False,2,1b34d901-e947-45c5-a682-8f91a9c355ec,agentic,0,"[""search_uploaded_documents""]",document_qa
q10,multi_passage,How does the battery thermal management system estimate the core temperature of each cell?,0.4,0.6666666666666666,0.3333333333333333,1.0,0.3333333333333333,0.6666666666666666,0.0,1.0,1.0,0,1.0,0.0,0.0,0.0,,1.0,1.0,1.0,1.0,,0.0,18,1,754,0.0,succeeded,6,0.6285393238067627,"[3, 4]",False,1,ca8ac215-bf44-4bba-9b56-02828421df95,agentic,0,"[""search_uploaded_documents""]",document_qa
q11,multi_passage,What does the immersion-cooled module do when the dielectric fluid level drops too low?,0.4,1.0,0.25,1.0,0.3333333333333333,1.0,0.0,1.0,1.0,0,1.0,0.0,0.0,0.0,,1.0,1.0,1.0,1.0,,0.0,15,1,686,0.0,succeeded,6,0.5976143301244303,"[4, 5]",False,1,ac0b2fd2-19bf-40d2-8f5d-ba9d832f6bec,agentic,0,"[""search_uploaded_documents""]",document_qa
q12,claim_explanation,What does claim 3 add to the system of claim 1?,0.2,1.0,1.0,1.0,0.16666666666666666,1.0,0.0,1.0,1.0,0,,,,,,1.0,1.0,1.0,1.0,,0.0,17,1,539,0.0,succeeded,6,0.4264014617443963,[1],False,,81d7c27d-a061-43ae-bdf7-a2c25edd99c8,agentic,0,"[""retrieve_document_section"", ""retrieve_evidence""]",document_qa
q13,claim_explanation,What does claim 4 specify about the temperature sensor?,0.2,1.0,1.0,1.0,0.16666666666666666,1.0,0.0,1.0,1.0,0,1.0,0.0,0.0,0.0,,1.0,1.0,1.0,1.0,,0.0,18,1,730,0.0,succeeded,6,0.2500000745058104,[1],False,1,594047af-4759-4c06-a73a-fa57d4069989,agentic,0,"[""retrieve_document_section"", ""retrieve_evidence""]",document_qa
q14,claim_explanation,What does claim 2 of this document add?,0.2,1.0,1.0,1.0,0.16666666666666666,1.0,0.0,1.0,1.0,0,1.0,0.0,0.0,0.0,,1.0,1.0,1.0,1.0,,0.0,15,1,478,0.0,succeeded,6,0.16666680574417114,[1],False,1,e445b6b8-3888-4334-8578-43febf40b2e1,agentic,0,"[""retrieve_document_section"", ""retrieve_evidence""]",document_qa
q15,claim_explanation,Which elements does claim 1 of this document require?,0.2,1.0,1.0,1.0,0.16666666666666666,1.0,0.0,1.0,1.0,0,,,,,,1.0,1.0,1.0,1.0,,0.0,15,1,585,0.0,succeeded,6,0.2236068844795227,[1],False,,9e73c368-f869-459d-94d0-e0932652b9e3,agentic,0,"[""retrieve_document_section"", ""retrieve_evidence""]",document_qa
q16,comparison,Compare how these two documents cool the battery cells.,0.0,0.0,0.16666666666666666,0.0,0.16666666666666666,0.5,,1.0,1.0,0,1.0,0.0,0.0,0.0,,0.0,0.0,0.0,0.0,,0.0,17,1,796,0.0,succeeded,6,0.2672612448710575,[6],False,1,216dbb6c-3257-4e25-ba95-1771ca96769a,agentic,0,"[""retrieve_evidence""]",document_qa
q17,unanswerable,What is the maximum charging power of the battery pack in kilowatts?,,,,,,,,0.0,1.0,0,1.0,0.0,0.0,0.0,,1.0,1.0,1.0,1.0,,0.0,16,1,665,0.0,succeeded,6,0.24618307466951694,,False,1,36bf27b1-9983-4fe1-b9dc-17e21d79b42e,agentic,0,"[""search_uploaded_documents""]",document_qa
q18,unanswerable,Which smartphone models are certified to use the wireless charging pad?,,,,,,,,0.0,1.0,0,1.0,0.0,0.0,0.0,,1.0,1.0,1.0,1.0,,0.0,16,1,646,0.0,succeeded,6,0.4285715052059743,,False,1,7a3eae46-92e5-4684-9173-a59e71d474dc,agentic,0,"[""search_uploaded_documents""]",document_qa
q19,unanswerable,What wind speed does the turbine blade pitch controller tolerate?,,,,,,,,0.0,1.0,0,1.0,0.0,0.0,0.0,,1.0,1.0,1.0,1.0,,0.0,16,1,730,0.0,succeeded,6,0.17817423809613242,,False,1,25eef086-7471-4a16-8a49-86c0c525378a,agentic,0,"[""search_uploaded_documents""]",document_qa
q20,legal,Does the immersion cooling document infringe claim 1 of the battery thermal management patent?,0.2,0.5,1.0,1.0,0.16666666666666666,0.5,,1.0,1.0,0,1.0,0.0,0.0,0.0,,0.0,0.0,0.0,0.0,1.0,0.0,18,1,607,0.0,succeeded,6,0.33541027692495184,[1],False,1,17494da3-f65a-4be8-b86c-11ecc3b45a2c,agentic,0,"[""retrieve_document_section"", ""retrieve_evidence""]",document_qa
