item_id,item_type,question,precision_at_k,recall_at_k,mrr,hit_at_k,context_precision,context_recall,key_fact_recall,abstention_correct,citation_coverage,invalid_citations,grounding_score,unsupported_rate,misattribution_rate,regenerated,regeneration_gain,cell_coverage,cross_source_citations,intent_correct,tool_precision,tool_recall,tools_exact,legal_flag_correct,failed,latency_ms,llm_calls,total_tokens,cost_usd,status,n_retrieved,top_similarity,relevant_ranks,abstained,tools_used,intent,run_id,variant,repeat,claims_checked
q01,lookup,How often does the controller sample the thermistors on the battery cells?,0.2,1.0,1.0,1.0,0.16666666666666666,1.0,1.0,1.0,1.0,0,,,,,,,,1.0,1.0,1.0,1.0,,0.0,3601,2,1341,0.0,succeeded,6,0.7238712373086841,[1],False,"[""search_uploaded_documents""]",document_qa,a570a987-4bbb-410e-b746-9153072f7c4c,off,0,
q02,lookup,What coolant does the variable-speed pump circulate through the cooling channels?,0.2,1.0,1.0,1.0,0.16666666666666666,1.0,1.0,1.0,1.0,0,,,,,,,,1.0,1.0,1.0,1.0,,0.0,3343,2,1270,0.0,succeeded,6,0.5359176950552865,[1],False,"[""search_uploaded_documents""]",document_qa,3eeddb45-282e-4d2a-aaa9-f324153dee64,off,0,
q03,lookup,Which control law does the controller use to set the coolant pump speed?,0.2,1.0,1.0,1.0,0.16666666666666666,1.0,1.0,1.0,1.0,0,,,,,,,,1.0,1.0,1.0,1.0,,0.0,14654,2,1318,0.0,succeeded,6,0.5958981640521005,[1],False,"[""search_uploaded_documents""]",document_qa,7b0c1ca5-68d1-48ae-b45e-8ed95f6d9604,off,0,
q04,lookup,"Above what temperature do lithium-ion cells degrade quickly, according to the background?",0.2,1.0,1.0,1.0,0.16666666666666666,1.0,1.0,1.0,1.0,0,,,,,,,,1.0,1.0,1.0,1.0,,0.0,34354,2,1121,0.0,succeeded,6,0.5239031002579355,[1],False,"[""retrieve_document_section"", ""retrieve_evidence""]",document_qa,eb0139d0-0d83-4ae9-9091-1443b2a6e871,off,0,
q05,lookup,What happens when a cell's estimated core temperature rises faster than 2 degrees Celsius per minute?,0.2,0.5,1.0,1.0,0.3333333333333333,1.0,1.0,1.0,1.0,0,,,,,,,,1.0,1.0,1.0,1.0,,0.0,30102,2,1139,0.0,succeeded,6,0.6337698379111676,"[1, 6]",False,"[""search_uploaded_documents""]",document_qa,bf728c51-cad5-4c4c-ac6b-ecf07649287f,off,0,
q06,lookup,How does the charging pad detect a metallic foreign object such as a coin?,0.6,1.0,0.5,1.0,0.5,1.0,1.0,1.0,1.0,0,,,,,,,,1.0,1.0,1.0,1.0,,0.0,9852,2,975,0.0,succeeded,6,0.7836161851882935,"[2, 4, 5]",False,"[""search_uploaded_documents""]",document_qa,9425176c-7888-4682-8985-ed291bcecf4c,off,0,
q07,lookup,Why can metal objects between a charging pad and a phone be dangerous?,0.2,1.0,1.0,1.0,0.16666666666666666,1.0,0.0,1.0,0.75,0,,,,,,,,1.0,1.0,1.0,1.0,,0.0,7211,2,975,0.0,succeeded,6,0.843248298361796,[1],False,"[""search_uploaded_documents""]",document_qa,da902fd0-4aeb-43dc-ab30-4d49c5938d31,off,0,
q08,lookup,What kind of dielectric fluid fills the immersion-cooled battery module enclosure?,0.2,0.5,0.2,1.0,0.3333333333333333,1.0,1.0,1.0,1.0,0,,,,,,,,1.0,1.0,1.0,1.0,,0.0,8191,2,1202,0.0,succeeded,6,0.8331049084663391,"[5, 6]",False,"[""search_uploaded_documents""]",document_qa,18441e03-d9d7-44b4-a217-2db1ef1889fa,off,0,
q09,lookup,Where does the immersion module's heat exchanger send the heat it removes?,0.2,1.0,0.25,1.0,0.16666666666666666,1.0,1.0,1.0,1.0,0,,,,,,,,1.0,1.0,1.0,1.0,,0.0,3498,2,1060,0.0,succeeded,6,0.6241388692938619,[4],False,"[""search_uploaded_documents""]",document_qa,06a49b16-6258-485e-bb55-7271ec0936b4,off,0,
q10,multi_passage,How does the battery thermal management system estimate the core temperature of each cell?,0.4,0.6666666666666666,1.0,1.0,0.5,1.0,1.0,1.0,1.0,0,,,,,,,,1.0,1.0,1.0,1.0,,0.0,9220,2,1333,0.0,succeeded,6,0.7735582398966135,"[1, 2, 6]",False,"[""search_uploaded_documents""]",document_qa,03b15893-5527-4f4f-847f-1d688598d62a,off,0,
q11,multi_passage,What does the immersion-cooled module do when the dielectric fluid level drops too low?,0.4,1.0,0.3333333333333333,1.0,0.3333333333333333,1.0,1.0,1.0,0.5,0,,,,,,,,1.0,1.0,1.0,1.0,,0.0,5300,2,1143,0.0,succeeded,6,0.7035632840244292,"[3, 4]",False,"[""search_uploaded_documents""]",document_qa,4a4a9aa2-da39-498d-8928-aefb477b8d08,off,0,
q12,claim_explanation,What does claim 3 add to the system of claim 1?,0.2,1.0,1.0,1.0,0.16666666666666666,1.0,1.0,1.0,1.0,0,,,,,,,,1.0,1.0,1.0,1.0,,0.0,8789,2,1166,0.0,succeeded,6,0.4945740103721654,[1],False,"[""retrieve_document_section"", ""retrieve_evidence""]",document_qa,0248b35a-cdc7-46f7-94d6-3050e07b255a,off,0,
q13,claim_explanation,What does claim 4 specify about the temperature sensor?,0.2,1.0,1.0,1.0,0.16666666666666666,1.0,1.0,1.0,1.0,0,,,,,,,,1.0,1.0,1.0,1.0,,0.0,4785,2,1156,0.0,succeeded,6,0.5608552694320719,[1],False,"[""retrieve_document_section"", ""retrieve_evidence""]",document_qa,5254ef94-fbd6-4987-b2d0-f32e989afb66,off,0,
q14,claim_explanation,What does claim 2 of this document add?,0.2,1.0,1.0,1.0,0.16666666666666666,1.0,1.0,1.0,0.8,0,,,,,,,,1.0,1.0,1.0,1.0,,0.0,10994,2,1006,0.0,succeeded,6,0.4088276733365477,[1],False,"[""retrieve_document_section"", ""retrieve_evidence""]",document_qa,e33c71d3-15e1-461c-b181-08a6829f2f03,off,0,
q15,claim_explanation,Which elements does claim 1 of this document require?,0.2,1.0,1.0,1.0,0.16666666666666666,1.0,1.0,1.0,1.0,0,,,,,,,,1.0,1.0,1.0,1.0,,0.0,6464,2,1057,0.0,succeeded,6,0.4988853933420083,[1],False,"[""retrieve_document_section"", ""retrieve_evidence""]",document_qa,7025c280-7e2e-45b4-8b75-9a9e6e74616e,off,0,
q16,comparison,Compare how these two documents cool the battery cells.,0.2,0.5,0.25,1.0,0.2,1.0,,1.0,1.0,0,,,,,,1.0,0,1.0,1.0,1.0,1.0,,0.0,25075,2,2108,0.0,succeeded,10,,"[4, 9]",False,"[""compare_patents""]",compare,cf3aa619-bda9-4fea-9c3b-9d9076655ce6,off,0,
q17,unanswerable,What is the maximum charging power of the battery pack in kilowatts?,,,,,,,,1.0,,,,,,,,,,1.0,1.0,1.0,1.0,,0.0,3744,2,1270,0.0,insufficient_evidence,6,0.5470089423350506,,True,"[""search_uploaded_documents""]",document_qa,f59b0637-c48a-4ea9-8116-95cd5b6bab06,off,0,
q18,unanswerable,Which smartphone models are certified to use the wireless charging pad?,,,,,,,,1.0,,,,,,,,,,0.0,0.25,1.0,0.0,,0.0,2256,2,523,0.0,insufficient_evidence,7,0.6198961508212191,,True,"[""extract_key_concepts"", ""search_patents"", ""compare_patents"", ""search_uploaded_documents""]",find_similar,5baf91ad-b986-479f-a79c-795ed95aa6dc,off,0,
q19,unanswerable,What wind speed does the turbine blade pitch controller tolerate?,,,,,,,,1.0,,,,,,,,,,1.0,1.0,1.0,1.0,,0.0,3883,2,1309,0.0,insufficient_evidence,6,0.49725735220225786,,True,"[""search_uploaded_documents""]",document_qa,90b03dad-03a8-45c3-9c4b-e050af563509,off,0,
q20,legal,Does the immersion cooling document infringe claim 1 of the battery thermal management patent?,0.2,0.5,0.2,1.0,0.2,1.0,,1.0,1.0,0,,,,,,1.0,0,1.0,1.0,1.0,1.0,1.0,0.0,27445,2,2180,0.0,succeeded,10,,"[5, 10]",False,"[""compare_patents""]",compare,a3eced05-f92e-484f-9a69-2f49c02b82cc,off,0,
q01,lookup,How often does the controller sample the thermistors on the battery cells?,0.2,1.0,1.0,1.0,0.16666666666666666,1.0,1.0,1.0,1.0,0,1.0,0.0,0.0,0.0,,,,1.0,1.0,1.0,1.0,,0.0,7835,2,1341,0.0,succeeded,6,0.7238712373086841,[1],False,"[""search_uploaded_documents""]",document_qa,abedab5b-b922-4f32-97f7-819009f5904b,report,0,1
q02,lookup,What coolant does the variable-speed pump circulate through the cooling channels?,0.2,1.0,1.0,1.0,0.16666666666666666,1.0,1.0,1.0,1.0,0,1.0,0.0,0.0,0.0,,,,1.0,1.0,1.0,1.0,,0.0,3872,2,1270,0.0,succeeded,6,0.5359176950552865,[1],False,"[""search_uploaded_documents""]",document_qa,518d119a-aab5-469b-9dea-671c2a07892b,report,0,1
q03,lookup,Which control law does the controller use to set the coolant pump speed?,0.2,1.0,1.0,1.0,0.16666666666666666,1.0,1.0,1.0,1.0,0,1.0,0.0,0.0,0.0,,,,1.0,1.0,1.0,1.0,,0.0,3999,2,1318,0.0,succeeded,6,0.5958981640521005,[1],False,"[""search_uploaded_documents""]",document_qa,4d13e8cc-600d-4156-a63b-7451e48ee7c7,report,0,1
q04,lookup,"Above what temperature do lithium-ion cells degrade quickly, according to the background?",0.2,1.0,1.0,1.0,0.16666666666666666,1.0,1.0,1.0,1.0,0,1.0,0.0,0.0,0.0,,,,1.0,1.0,1.0,1.0,,0.0,2941,2,1121,0.0,succeeded,6,0.5239031002579355,[1],False,"[""retrieve_document_section"", ""retrieve_evidence""]",document_qa,f8e7deb7-c180-4679-b473-0b8831459e11,report,0,1
q05,lookup,What happens when a cell's estimated core temperature rises faster than 2 degrees Celsius per minute?,0.2,0.5,1.0,1.0,0.3333333333333333,1.0,1.0,1.0,1.0,0,1.0,0.0,0.0,0.0,,,,1.0,1.0,1.0,1.0,,0.0,4062,2,1139,0.0,succeeded,6,0.6337698379111676,"[1, 6]",False,"[""search_uploaded_documents""]",document_qa,b2c23a6f-e1c1-4170-968d-8ac2853b288e,report,0,1
q06,lookup,How does the charging pad detect a metallic foreign object such as a coin?,0.6,1.0,0.5,1.0,0.5,1.0,1.0,1.0,1.0,0,0.5,0.3333333333333333,0.3333333333333333,0.0,,,,1.0,1.0,1.0,1.0,,0.0,7620,2,975,0.0,succeeded,6,0.7836161851882935,"[2, 4, 5]",False,"[""search_uploaded_documents""]",document_qa,98ec878c-5c55-4b93-a582-0c33404bf169,report,0,3
q07,lookup,Why can metal objects between a charging pad and a phone be dangerous?,0.2,1.0,1.0,1.0,0.16666666666666666,1.0,0.0,1.0,0.75,0,0.75,0.0,0.25,0.0,,,,1.0,1.0,1.0,1.0,,0.0,7934,2,975,0.0,succeeded,6,0.843248298361796,[1],False,"[""search_uploaded_documents""]",document_qa,0c613b14-e99c-46bc-8b43-50e8e3b8f417,report,0,4
q08,lookup,What kind of dielectric fluid fills the immersion-cooled battery module enclosure?,0.2,0.5,0.2,1.0,0.3333333333333333,1.0,1.0,1.0,1.0,0,0.75,0.25,0.0,0.0,,,,1.0,1.0,1.0,1.0,,0.0,10122,2,1202,0.0,succeeded,6,0.8331049084663391,"[5, 6]",False,"[""search_uploaded_documents""]",document_qa,80e5e00d-6b92-46f0-bde1-df26882f26fa,report,0,4
q09,lookup,Where does the immersion module's heat exchanger send the heat it removes?,0.2,1.0,0.25,1.0,0.16666666666666666,1.0,1.0,1.0,1.0,0,1.0,0.0,0.0,0.0,,,,1.0,1.0,1.0,1.0,,0.0,3688,2,1060,0.0,succeeded,6,0.6241388692938619,[4],False,"[""search_uploaded_documents""]",document_qa,3026c690-804a-464c-9313-eb3dda911325,report,0,1
q10,multi_passage,How does the battery thermal management system estimate the core temperature of each cell?,0.4,0.6666666666666666,1.0,1.0,0.5,1.0,1.0,1.0,1.0,0,0.9,0.0,0.0,0.0,,,,1.0,1.0,1.0,1.0,,0.0,11090,2,1333,0.0,succeeded,6,0.7735582398966135,"[1, 2, 6]",False,"[""search_uploaded_documents""]",document_qa,7ea6fefd-b119-49d2-be6e-eb07144a28da,report,0,5
q11,multi_passage,What does the immersion-cooled module do when the dielectric fluid level drops too low?,0.4,1.0,0.3333333333333333,1.0,0.3333333333333333,1.0,1.0,1.0,0.5,0,0.75,0.0,0.5,0.0,,,,1.0,1.0,1.0,1.0,,0.0,6547,2,1143,0.0,succeeded,6,0.7035632840244292,"[3, 4]",False,"[""search_uploaded_documents""]",document_qa,758e5428-ac17-4699-b5c2-1ee9bb6cb33d,report,0,2
q12,claim_explanation,What does claim 3 add to the system of claim 1?,0.2,1.0,1.0,1.0,0.16666666666666666,1.0,1.0,1.0,1.0,0,0.1667,0.6666666666666666,0.0,0.0,,,,1.0,1.0,1.0,1.0,,0.0,9035,2,1166,0.0,succeeded,6,0.4945740103721654,[1],False,"[""retrieve_document_section"", ""retrieve_evidence""]",document_qa,ea95e3fb-5b43-4ac0-8c99-f589b141a760,report,0,3
q13,claim_explanation,What does claim 4 specify about the temperature sensor?,0.2,1.0,1.0,1.0,0.16666666666666666,1.0,1.0,1.0,1.0,0,1.0,0.0,0.0,0.0,,,,1.0,1.0,1.0,1.0,,0.0,3631,2,1156,0.0,succeeded,6,0.5608552694320719,[1],False,"[""retrieve_document_section"", ""retrieve_evidence""]",document_qa,718431a0-50aa-4b60-b14c-8cd6489264cf,report,0,1
q14,claim_explanation,What does claim 2 of this document add?,0.2,1.0,1.0,1.0,0.16666666666666666,1.0,1.0,1.0,0.8,0,0.1,0.8,0.0,0.0,,,,1.0,1.0,1.0,1.0,,0.0,10724,2,1006,0.0,succeeded,6,0.4088276733365477,[1],False,"[""retrieve_document_section"", ""retrieve_evidence""]",document_qa,c7f5c75d-c13b-46de-8e25-8554e619c451,report,0,5
q15,claim_explanation,Which elements does claim 1 of this document require?,0.2,1.0,1.0,1.0,0.16666666666666666,1.0,1.0,1.0,1.0,0,1.0,0.0,0.0,0.0,,,,1.0,1.0,1.0,1.0,,0.0,6968,2,1057,0.0,succeeded,6,0.4988853933420083,[1],False,"[""retrieve_document_section"", ""retrieve_evidence""]",document_qa,ec510f91-8ab0-4bca-90af-ebeab2299ad3,report,0,1
q16,comparison,Compare how these two documents cool the battery cells.,0.2,0.5,0.25,1.0,0.2,1.0,,1.0,1.0,0,0.75,0.08333333333333333,0.16666666666666666,0.0,,1.0,0,1.0,1.0,1.0,1.0,,0.0,28188,2,2108,0.0,succeeded,10,,"[4, 9]",False,"[""compare_patents""]",compare,797a9af5-8dc8-44a0-b981-6d44b41cb3dd,report,0,12
q17,unanswerable,What is the maximum charging power of the battery pack in kilowatts?,,,,,,,,1.0,,,,,,,,,,1.0,1.0,1.0,1.0,,0.0,3519,2,1270,0.0,insufficient_evidence,6,0.5470089423350506,,True,"[""search_uploaded_documents""]",document_qa,1b206fa7-42b8-45af-b403-f7d31ad196e7,report,0,
q18,unanswerable,Which smartphone models are certified to use the wireless charging pad?,,,,,,,,1.0,,,,,,,,,,0.0,0.25,1.0,0.0,,0.0,2270,2,523,0.0,insufficient_evidence,7,0.6198961508212191,,True,"[""extract_key_concepts"", ""search_patents"", ""compare_patents"", ""search_uploaded_documents""]",find_similar,ecb67953-cd4a-4f5e-bac6-34ed6adcd452,report,0,
q19,unanswerable,What wind speed does the turbine blade pitch controller tolerate?,,,,,,,,1.0,,,,,,,,,,1.0,1.0,1.0,1.0,,0.0,3433,2,1309,0.0,insufficient_evidence,6,0.49725735220225786,,True,"[""search_uploaded_documents""]",document_qa,e2eb7c7f-96a4-4a9b-9355-68bcc3921111,report,0,
q20,legal,Does the immersion cooling document infringe claim 1 of the battery thermal management patent?,0.2,0.5,0.2,1.0,0.2,1.0,,1.0,1.0,0,0.8333,0.0,0.08333333333333333,0.0,,1.0,0,1.0,1.0,1.0,1.0,1.0,0.0,30371,2,2180,0.0,succeeded,10,,"[5, 10]",False,"[""compare_patents""]",compare,b6d52fb2-53a7-4c7d-aa48-82c7b8b6024b,report,0,12
q01,lookup,How often does the controller sample the thermistors on the battery cells?,0.2,1.0,1.0,1.0,0.16666666666666666,1.0,1.0,1.0,1.0,0,1.0,0.0,0.0,0.0,,,,1.0,1.0,1.0,1.0,,0.0,3544,2,1341,0.0,succeeded,6,0.7238712373086841,[1],False,"[""search_uploaded_documents""]",document_qa,a14746c3-5202-488a-8e5a-a855c8107dea,regenerate,0,1
q02,lookup,What coolant does the variable-speed pump circulate through the cooling channels?,0.2,1.0,1.0,1.0,0.16666666666666666,1.0,1.0,1.0,1.0,0,1.0,0.0,0.0,0.0,,,,1.0,1.0,1.0,1.0,,0.0,3956,2,1270,0.0,succeeded,6,0.5359176950552865,[1],False,"[""search_uploaded_documents""]",document_qa,a31d69bd-6412-4da3-bbdc-aaa1bc6c23e4,regenerate,0,1
q03,lookup,Which control law does the controller use to set the coolant pump speed?,0.2,1.0,1.0,1.0,0.16666666666666666,1.0,1.0,1.0,1.0,0,1.0,0.0,0.0,0.0,,,,1.0,1.0,1.0,1.0,,0.0,3941,2,1318,0.0,succeeded,6,0.5958981640521005,[1],False,"[""search_uploaded_documents""]",document_qa,748b90be-b4dc-4733-8c41-e013146b7e6e,regenerate,0,1
q04,lookup,"Above what temperature do lithium-ion cells degrade quickly, according to the background?",0.2,1.0,1.0,1.0,0.16666666666666666,1.0,1.0,1.0,1.0,0,1.0,0.0,0.0,0.0,,,,1.0,1.0,1.0,1.0,,0.0,3746,2,1121,0.0,succeeded,6,0.5239031002579355,[1],False,"[""retrieve_document_section"", ""retrieve_evidence""]",document_qa,7db8ee2f-be3f-4eb3-8a87-1abf63949124,regenerate,0,1
q05,lookup,What happens when a cell's estimated core temperature rises faster than 2 degrees Celsius per minute?,0.2,0.5,1.0,1.0,0.3333333333333333,1.0,1.0,1.0,1.0,0,1.0,0.0,0.0,0.0,,,,1.0,1.0,1.0,1.0,,0.0,4497,2,1139,0.0,succeeded,6,0.6337698379111676,"[1, 6]",False,"[""search_uploaded_documents""]",document_qa,cf449bfc-91ef-4e61-a21a-52a757a19dee,regenerate,0,1
q06,lookup,How does the charging pad detect a metallic foreign object such as a coin?,0.6,1.0,0.5,1.0,0.5,1.0,1.0,1.0,1.0,0,0.875,0.0,0.25,1.0,0.375,,,1.0,1.0,1.0,1.0,,0.0,11941,3,1721,0.0,succeeded,6,0.7836161851882935,"[2, 4, 5]",False,"[""search_uploaded_documents""]",document_qa,59ce33e4-04d0-44f0-a4b0-a8a2b643b499,regenerate,0,4
q07,lookup,Why can metal objects between a charging pad and a phone be dangerous?,0.2,1.0,1.0,1.0,0.16666666666666666,1.0,0.0,1.0,0.75,0,0.75,0.0,0.25,0.0,,,,1.0,1.0,1.0,1.0,,0.0,8035,2,975,0.0,succeeded,6,0.843248298361796,[1],False,"[""search_uploaded_documents""]",document_qa,1202550a-0aec-4f19-b069-9a453645a080,regenerate,0,4
q08,lookup,What kind of dielectric fluid fills the immersion-cooled battery module enclosure?,0.2,0.5,0.2,1.0,0.3333333333333333,1.0,1.0,1.0,1.0,0,1.0,0.0,0.0,1.0,0.25,,,1.0,1.0,1.0,1.0,,0.0,17290,3,2126,0.0,succeeded,6,0.8331049084663391,"[5, 6]",False,"[""search_uploaded_documents""]",document_qa,209d495f-e77f-45e7-b52b-ce8ddbb77b33,regenerate,0,2
q09,lookup,Where does the immersion module's heat exchanger send the heat it removes?,0.2,1.0,0.25,1.0,0.16666666666666666,1.0,1.0,1.0,1.0,0,1.0,0.0,0.0,0.0,,,,1.0,1.0,1.0,1.0,,0.0,4092,2,1060,0.0,succeeded,6,0.6241388692938619,[4],False,"[""search_uploaded_documents""]",document_qa,c1e20b7e-2a4c-4d0b-b17c-689ddce45e72,regenerate,0,1
q10,multi_passage,How does the battery thermal management system estimate the core temperature of each cell?,0.4,0.6666666666666666,1.0,1.0,0.5,1.0,1.0,1.0,1.0,0,0.9,0.0,0.0,0.0,,,,1.0,1.0,1.0,1.0,,0.0,11177,2,1333,0.0,succeeded,6,0.7735582398966135,"[1, 2, 6]",False,"[""search_uploaded_documents""]",document_qa,2ea88ed8-cdf5-48b3-a0eb-e9c0d2da9e0d,regenerate,0,5
q11,multi_passage,What does the immersion-cooled module do when the dielectric fluid level drops too low?,0.4,1.0,0.3333333333333333,1.0,0.3333333333333333,1.0,1.0,1.0,0.5,0,0.75,0.0,0.5,0.0,,,,1.0,1.0,1.0,1.0,,0.0,6937,2,1143,0.0,succeeded,6,0.7035632840244292,"[3, 4]",False,"[""search_uploaded_documents""]",document_qa,0176c52e-2c13-4235-a6f7-91e9519c2ddc,regenerate,0,2
q12,claim_explanation,What does claim 3 add to the system of claim 1?,0.2,1.0,1.0,1.0,0.16666666666666666,1.0,1.0,1.0,1.0,0,0.3333,0.6666666666666666,0.0,1.0,0.1666,,,1.0,1.0,1.0,1.0,,0.0,17888,3,2135,0.0,succeeded,6,0.4945740103721654,[1],False,"[""retrieve_document_section"", ""retrieve_evidence""]",document_qa,6c7efa44-bfe8-4368-a8a3-ad9a49c4522a,regenerate,0,3
q13,claim_explanation,What does claim 4 specify about the temperature sensor?,0.2,1.0,1.0,1.0,0.16666666666666666,1.0,1.0,1.0,1.0,0,1.0,0.0,0.0,0.0,,,,1.0,1.0,1.0,1.0,,0.0,3647,2,1156,0.0,succeeded,6,0.5608552694320719,[1],False,"[""retrieve_document_section"", ""retrieve_evidence""]",document_qa,5eaa95c5-6533-42d3-b662-3e2082b1af5c,regenerate,0,1
q14,claim_explanation,What does claim 2 of this document add?,0.2,1.0,1.0,1.0,0.16666666666666666,1.0,1.0,1.0,0.8,0,0.1,0.8,0.0,1.0,0.0,,,1.0,1.0,1.0,1.0,,0.0,18789,3,1818,0.0,succeeded,6,0.4088276733365477,[1],False,"[""retrieve_document_section"", ""retrieve_evidence""]",document_qa,5c1c3382-70d7-432d-8bb9-76f6e5f0a20d,regenerate,0,5
q15,claim_explanation,Which elements does claim 1 of this document require?,0.2,1.0,1.0,1.0,0.16666666666666666,1.0,1.0,1.0,1.0,0,1.0,0.0,0.0,0.0,,,,1.0,1.0,1.0,1.0,,0.0,6150,2,1057,0.0,succeeded,6,0.4988853933420083,[1],False,"[""retrieve_document_section"", ""retrieve_evidence""]",document_qa,ae6da400-de78-4dd5-a874-f5732b06fcdf,regenerate,0,1
q16,comparison,Compare how these two documents cool the battery cells.,0.2,0.5,0.25,1.0,0.2,1.0,,1.0,1.0,0,0.75,0.08333333333333333,0.16666666666666666,0.0,,1.0,0,1.0,1.0,1.0,1.0,,0.0,28719,2,2108,0.0,succeeded,10,,"[4, 9]",False,"[""compare_patents""]",compare,b09d0518-e0be-4aa8-ac4b-7132f7d80ae2,regenerate,0,12
q17,unanswerable,What is the maximum charging power of the battery pack in kilowatts?,,,,,,,,1.0,,,,,,,,,,1.0,1.0,1.0,1.0,,0.0,3728,2,1270,0.0,insufficient_evidence,6,0.5470089423350506,,True,"[""search_uploaded_documents""]",document_qa,2a4111cd-d77b-42c5-80cd-37735dcdb9a9,regenerate,0,
q18,unanswerable,Which smartphone models are certified to use the wireless charging pad?,,,,,,,,1.0,,,,,,,,,,0.0,0.25,1.0,0.0,,0.0,2222,2,523,0.0,insufficient_evidence,7,0.6198961508212191,,True,"[""extract_key_concepts"", ""search_patents"", ""compare_patents"", ""search_uploaded_documents""]",find_similar,8484e7e3-4559-487c-b259-dca7bd2bc37a,regenerate,0,
q19,unanswerable,What wind speed does the turbine blade pitch controller tolerate?,,,,,,,,1.0,,,,,,,,,,1.0,1.0,1.0,1.0,,0.0,3482,2,1309,0.0,insufficient_evidence,6,0.49725735220225786,,True,"[""search_uploaded_documents""]",document_qa,30f13c46-3bac-4216-b6cf-3bec638ea6c8,regenerate,0,
q20,legal,Does the immersion cooling document infringe claim 1 of the battery thermal management patent?,0.2,0.5,0.2,1.0,0.2,1.0,,1.0,1.0,0,0.8333,0.0,0.08333333333333333,0.0,,1.0,0,1.0,1.0,1.0,1.0,1.0,0.0,30655,2,2180,0.0,succeeded,10,,"[5, 10]",False,"[""compare_patents""]",compare,fbe6a193-65cb-46e1-9da4-f696b0fa06c8,regenerate,0,12
